formula,p Band Center,formula composition,formula_obj,formula entropy,A_site_obj,B_site_obj,A_site_Z,A_site_ionization_energy,A_site_eletronegativity,A_site_radius,A_site_lewis_acid_strengths,A_site_g,A_site_p,A_site_mass,A_site_Valence_electron,A_site_Polarization_rate,Tolerance_factor
La0.167Sr0.167Mg0.167Pr0.167Nd0.167Bi0.167Fe1O3,-2.342580172,La0.167Sr0.167Mg0.167Pr0.167Nd0.167Bi0.167FeO3.0,La0.167 Sr0.167 Mg0.167 Pr0.167 Nd0.167 Bi0.167 Fe1 O3,-1.7968491076688844,La0.167Sr0.167Mg0.167Pr0.167Nd0.167Bi0.167,Fe1,51.50000000000001,6.201666666666668,1.3533333333333333,1.2416666666666667,0.3308333333333333,2.6666666666666665,5.666666666666667,124.16166666666668,3.0,28.5,0.9134182951757764
La0.167Sr0.167Na0.167Mg0.167Sm0.167Bi0.167Fe1O3,-2.102172278,La0.167Sr0.167Na0.167Mg0.167Sm0.167Bi0.167FeO3.0,La0.167 Sr0.167 Na0.167 Mg0.167 Sm0.167 Bi0.167 Fe1 O3,-1.7968491076688844,La0.167Sr0.167Na0.167Mg0.167Sm0.167Bi0.167,Fe1,43.83333333333334,6.165,1.2800000000000002,1.2483333333333333,0.28550000000000003,2.3333333333333335,5.333333333333334,105.52833333333334,2.666666666666667,29.500000000000004,0.9157234517566617
La0.167Sr0.167Mg0.167Nd0.167Gd0.167Bi0.167Fe1O3,-2.36042034,La0.167Sr0.167Mg0.167Nd0.167Gd0.167Bi0.167FeO3.0,La0.167 Sr0.167 Mg0.167 Nd0.167 Gd0.167 Bi0.167 Fe1 O3,-1.7968491076688844,La0.167Sr0.167Mg0.167Nd0.167Gd0.167Bi0.167,Fe1,52.333333333333336,6.315000000000001,1.3516666666666668,1.2183333333333335,0.3335,2.6666666666666665,5.666666666666667,126.885,3.0,27.849999999999998,0.9053502471426781
La0.167Sr0.167Mg0.167Sm0.167Eu0.167Bi0.167Fe1O3,-2.428931291,La0.167Sr0.167Mg0.167Sm0.167Eu0.167Bi0.167FeO3.0,La0.167 Sr0.167 Mg0.167 Sm0.167 Eu0.167 Bi0.167 Fe1 O3,-1.7968491076688844,La0.167Sr0.167Mg0.167Sm0.167Eu0.167Bi0.167,Fe1,52.50000000000001,6.253333333333334,1.3250000000000002,1.2166666666666668,0.33,2.6666666666666665,5.666666666666667,127.02333333333334,3.0,27.883333333333333,0.9047739579974569
La0.167Sr0.167Mg0.167Nd0.167Gd0.167Y0.167Fe1O3,-1.959920826,La0.167Sr0.167Mg0.167Nd0.167Gd0.167Y0.167FeO3.0,La0.167 Sr0.167 Mg0.167 Nd0.167 Gd0.167 Y0.167 Fe1 O3,-2.019992658983094,La0.167Sr0.167Mg0.167Nd0.167Gd0.167Y0.167,Fe1,45.0,6.136666666666668,1.2183333333333335,1.26,0.3128333333333333,2.6666666666666665,5.666666666666667,106.87333333333335,2.6666666666666665,31.883333333333333,0.919757475773211
La0.167Sr0.167Mg0.167Pr0.167Nd0.167Eu0.167Fe1O3,-1.956419947,La0.167Sr0.167Mg0.167Pr0.167Nd0.167Eu0.167FeO3.0,La0.167 Sr0.167 Mg0.167 Pr0.167 Nd0.167 Eu0.167 Fe1 O3,-2.019992658983094,La0.167Sr0.167Mg0.167Pr0.167Nd0.167Eu0.167,Fe1,48.16666666666667,5.9316666666666675,1.2166666666666666,1.27,0.3183333333333333,2.6666666666666665,5.666666666666667,114.65833333333335,2.6666666666666665,32.31666666666667,0.9232152106445387
La0.167Sr0.167Na0.167Mg0.167Pr0.167Gd0.167Fe1O3,-2.204630897,La0.167Sr0.167Na0.167Mg0.167Pr0.167Gd0.167FeO3.0,La0.167 Sr0.167 Na0.167 Mg0.167 Pr0.167 Gd0.167 Fe1 O3,-2.019992658983094,La0.167Sr0.167Na0.167Mg0.167Pr0.167Gd0.167,Fe1,40.16666666666667,5.946666666666667,1.2133333333333336,1.2866666666666666,0.278,2.3333333333333335,5.333333333333334,95.33166666666668,2.3333333333333335,33.60000000000001,0.9289781020967518
La0.167Sr0.167Mg0.167Ba0.167Pr0.167Bi0.167Fe1O3,-2.295133466,La0.167Sr0.167Mg0.167Ba0.167Pr0.167Bi0.167FeO3.0,La0.167 Sr0.167 Mg0.167 Ba0.167 Pr0.167 Bi0.167 Fe1 O3,-1.7968491076688844,La0.167Sr0.167Mg0.167Ba0.167Pr0.167Bi0.167,Fe1,50.833333333333336,6.148333333333334,1.3116666666666668,1.2983333333333336,0.3223333333333333,2.6666666666666665,5.666666666666667,123.01,2.8333333333333335,29.3,0.933012126113301
La0.167Sr0.167Mg0.167Ba0.167Eu0.167Bi0.167Fe1O3,-2.052097589,La0.167Sr0.167Mg0.167Ba0.167Eu0.167Bi0.167FeO3.0,La0.167 Sr0.167 Mg0.167 Ba0.167 Eu0.167 Bi0.167 Fe1 O3,-1.7968491076688844,La0.167Sr0.167Mg0.167Ba0.167Eu0.167Bi0.167,Fe1,51.50000000000001,6.1816666666666675,1.2783333333333333,1.2783333333333333,0.32149999999999995,2.6666666666666665,5.666666666666667,124.85166666666669,2.8333333333333335,28.76666666666667,0.9260966563706453
La0.167Sr0.167K0.167Mg0.167Eu0.167Bi0.167Fe1O3,-2.170295969,La0.167Sr0.167K0.167Mg0.167Eu0.167Bi0.167FeO3.0,La0.167 Sr0.167 K0.167 Mg0.167 Eu0.167 Bi0.167 Fe1 O3,-1.7968491076688844,La0.167Sr0.167K0.167Mg0.167Eu0.167Bi0.167,Fe1,45.33333333333334,6.036666666666667,1.2666666666666668,1.2833333333333334,0.2846666666666667,2.3333333333333335,5.5,108.48,2.666666666666667,30.950000000000003,0.9278255238063093
La0.167Sr0.167Mg0.167Pr0.167Eu0.167Gd0.167Fe1O3,-2.011358323,La0.167Sr0.167Mg0.167Pr0.167Eu0.167Gd0.167FeO3.0,La0.167 Sr0.167 Mg0.167 Pr0.167 Eu0.167 Gd0.167 Fe1 O3,-2.019992658983094,La0.167Sr0.167Mg0.167Pr0.167Eu0.167Gd0.167,Fe1,48.833333333333336,6.035000000000001,1.2583333333333333,1.255,0.3225,2.6666666666666665,5.666666666666667,116.82666666666668,2.6666666666666665,31.983333333333334,0.9180286083375468
La0.167Sr0.167Mg0.167Pr0.167Nd0.167Gd0.167Fe1O3,-1.990172546,La0.167Sr0.167Mg0.167Pr0.167Nd0.167Gd0.167FeO3.0,La0.167 Sr0.167 Mg0.167 Pr0.167 Nd0.167 Gd0.167 Fe1 O3,-2.019992658983094,La0.167Sr0.167Mg0.167Pr0.167Nd0.167Gd0.167,Fe1,48.33333333333334,6.011666666666668,1.2483333333333333,1.2666666666666668,0.32183333333333336,2.6666666666666665,5.666666666666667,115.54,2.6666666666666665,32.2,0.9220626323540962
La0.200Sr0.200Mg0.200Sm0.200Bi0.200Fe1O3,-2.458098063,La0.2Sr0.2Mg0.2Sm0.2Bi0.2FeO3.0,La0.2 Sr0.2 Mg0.2 Sm0.2 Bi0.2 Fe1 O3,-1.5491734975344142,La0.2Sr0.2Mg0.2Sm0.2Bi0.2,Fe1,50.4,6.370000000000001,1.35,1.22,0.32100000000000006,2.6,5.6000000000000005,122.036,3.0,26.720000000000002,0.9059265362878994
La0.167Sr0.167Mg0.167Pr0.167Nd0.167Sm0.167Fe1O3,-1.709570674,La0.167Sr0.167Mg0.167Pr0.167Nd0.167Sm0.167FeO3.0,La0.167 Sr0.167 Mg0.167 Pr0.167 Nd0.167 Sm0.167 Fe1 O3,-2.019992658983094,La0.167Sr0.167Mg0.167Pr0.167Nd0.167Sm0.167,Fe1,48.0,5.926666666666668,1.2116666666666664,1.2766666666666666,0.31766666666666665,2.6666666666666665,5.666666666666667,114.39166666666667,2.6666666666666665,32.449999999999996,0.925520367225424
La0.167Sr0.167Mg0.167Sm0.167Eu0.167Y0.167Fe1O3,-1.693898753,La0.167Sr0.167Mg0.167Sm0.167Eu0.167Y0.167FeO3.0,La0.167 Sr0.167 Mg0.167 Sm0.167 Eu0.167 Y0.167 Fe1 O3,-2.019992658983094,La0.167Sr0.167Mg0.167Sm0.167Eu0.167Y0.167,Fe1,45.166666666666664,6.075,1.1916666666666667,1.2583333333333333,0.30933333333333335,2.6666666666666665,5.666666666666667,107.01166666666668,2.6666666666666665,31.916666666666664,0.9191811866279895
La0.167Sr0.167Nd0.167Gd0.167Y0.167Bi0.167Fe1O3,-2.045203774,La0.167Sr0.167Nd0.167Gd0.167Y0.167Bi0.167FeO3.0,La0.167 Sr0.167 Nd0.167 Gd0.167 Y0.167 Bi0.167 Fe1 O3,-1.6094379124341005,La0.167Sr0.167Nd0.167Gd0.167Y0.167Bi0.167,Fe1,56.833333333333336,6.076666666666667,1.3366666666666667,1.26,0.3438333333333334,2.833333333333333,6.0,137.65166666666667,3.166666666666666,30.550000000000004,0.919757475773211
La0.167Sr0.167Na0.167Mg0.167Gd0.167Y0.167Fe1O3,-1.776490753,La0.167Sr0.167Na0.167Mg0.167Gd0.167Y0.167FeO3.0,La0.167 Sr0.167 Na0.167 Mg0.167 Gd0.167 Y0.167 Fe1 O3,-2.019992658983094,La0.167Sr0.167Na0.167Mg0.167Gd0.167Y0.167,Fe1,36.833333333333336,6.071666666666666,1.1833333333333336,1.28,0.269,2.3333333333333335,5.333333333333334,86.665,2.3333333333333335,33.28333333333334,0.9266729455158665
La0.167Sr0.167Mg0.167Ba0.167Pr0.167Y0.167Fe1O3,-1.952676941,La0.167Sr0.167Mg0.167Ba0.167Pr0.167Y0.167FeO3.0,La0.167 Sr0.167 Mg0.167 Ba0.167 Pr0.167 Y0.167 Fe1 O3,-2.019992658983094,La0.167Sr0.167Mg0.167Ba0.167Pr0.167Y0.167,Fe1,43.49999999999999,5.970000000000001,1.1783333333333335,1.34,0.30166666666666664,2.6666666666666665,5.666666666666667,102.99833333333335,2.5,33.33333333333333,0.9474193547438339
La0.167Sr0.167Mg0.167Ba0.167Sm0.167Gd0.167Fe1O3,-1.75942323,La0.167Sr0.167Mg0.167Ba0.167Sm0.167Gd0.167FeO3.0,La0.167 Sr0.167 Mg0.167 Ba0.167 Sm0.167 Gd0.167 Fe1 O3,-2.019992658983094,La0.167Sr0.167Mg0.167Ba0.167Sm0.167Gd0.167,Fe1,48.16666666666667,5.986666666666667,1.1683333333333334,1.31,0.3118333333333333,2.6666666666666665,5.666666666666667,115.96333333333335,2.5,32.60000000000001,0.9370461501298502
La0.167Sr0.167K0.167Mg0.167Gd0.167Y0.167Fe1O3,-1.681362658,La0.167Sr0.167K0.167Mg0.167Gd0.167Y0.167FeO3.0,La0.167 Sr0.167 K0.167 Mg0.167 Gd0.167 Y0.167 Fe1 O3,-2.019992658983094,La0.167Sr0.167K0.167Mg0.167Gd0.167Y0.167,Fe1,38.16666666666667,5.9383333333333335,1.1650000000000003,1.3216666666666665,0.2675,2.3333333333333335,5.5,89.35000000000001,2.3333333333333335,34.866666666666674,0.9410801741463993
La0.250Sr0.250Li0.250Y0.250Fe1O3,-2.243589091,La0.25Sr0.25Li0.25Y0.25FeO3.0,La0.25 Sr0.25 Li0.25 Y0.25 Fe1 O3,-1.3862943611198906,La0.25Sr0.25Li0.25Y0.25,Fe1,33.5,4.3725,0.8674999999999999,1.02,0.21150000000000002,2.0,4.5,78.86,2.0,26.125,0.8367718388613422
La0.167Sr0.167Na0.167Mg0.167Ca0.167Pr0.167Fe1O3,-1.812853545,La0.167Sr0.167Na0.167Mg0.167Ca0.167Pr0.167FeO3.0,La0.167 Sr0.167 Na0.167 Mg0.167 Ca0.167 Pr0.167 Fe1 O3,-2.019992658983094,La0.167Sr0.167Na0.167Mg0.167Ca0.167Pr0.167,Fe1,32.833333333333336,5.94,1.1483333333333334,1.3133333333333332,0.249,2.166666666666667,5.166666666666667,75.80333333333333,2.166666666666667,32.15,0.9381987284202926
La0.167Sr0.167Mg0.167Ba0.167Sm0.167Y0.167Fe1O3,-1.836330022,La0.167Sr0.167Mg0.167Ba0.167Sm0.167Y0.167FeO3.0,La0.167 Sr0.167 Mg0.167 Ba0.167 Sm0.167 Y0.167 Fe1 O3,-2.019992658983094,La0.167Sr0.167Mg0.167Ba0.167Sm0.167Y0.167,Fe1,44.0,5.998333333333334,1.1400000000000001,1.3266666666666667,0.3001666666666667,2.6666666666666665,5.666666666666667,104.57333333333335,2.5,32.93333333333334,0.9428090415820632
La0.250Sr0.250Li0.250Ba0.250Fe1O3,-1.70701719,La0.25Sr0.25Li0.25Ba0.25FeO3.0,La0.25 Sr0.25 Li0.25 Ba0.25 Fe1 O3,-1.3862943611198906,La0.25Sr0.25Li0.25Ba0.25,Fe1,37.75,4.12,0.785,1.1025,0.21000000000000002,2.0,4.5,90.965,1.75,27.325,0.8652981515497971
La0.167Sr0.167Li0.167Mg0.167Y0.167Bi0.167Fe1O3,-1.735937524,La0.167Sr0.167Li0.167Mg0.167Y0.167Bi0.167FeO3.0,La0.167 Sr0.167 Li0.167 Mg0.167 Y0.167 Bi0.167 Fe1 O3,-1.7968491076688844,La0.167Sr0.167Li0.167Mg0.167Y0.167Bi0.167,Fe1,38.16666666666667,5.405,1.1333333333333335,1.0233333333333332,0.25999999999999995,2.1666666666666665,4.666666666666667,91.455,2.5,22.35,0.8379244171517847
La0.167Sr0.167K0.167Mg0.167Eu0.167Y0.167Fe1O3,-1.828168905,La0.167Sr0.167K0.167Mg0.167Eu0.167Y0.167FeO3.0,La0.167 Sr0.167 K0.167 Mg0.167 Eu0.167 Y0.167 Fe1 O3,-2.019992658983094,La0.167Sr0.167K0.167Mg0.167Eu0.167Y0.167,Fe1,38.0,5.858333333333333,1.1333333333333335,1.325,0.264,2.3333333333333335,5.5,88.46833333333335,2.3333333333333335,34.98333333333334,0.9422327524368419
La0.167Sr0.167K0.167Mg0.167Ca0.167Pr0.167Fe1O3,-1.643417004,La0.167Sr0.167K0.167Mg0.167Ca0.167Pr0.167FeO3.0,La0.167 Sr0.167 K0.167 Mg0.167 Ca0.167 Pr0.167 Fe1 O3,-2.019992658983094,La0.167Sr0.167K0.167Mg0.167Ca0.167Pr0.167,Fe1,34.166666666666664,5.8066666666666675,1.1300000000000001,1.355,0.24750000000000003,2.166666666666667,5.333333333333334,78.48833333333333,2.166666666666667,33.733333333333334,0.9526059570508255
La0.167Sr0.167K0.167Mg0.167Sm0.167Y0.167Fe1O3,-1.854718792,La0.167Sr0.167K0.167Mg0.167Sm0.167Y0.167FeO3.0,La0.167 Sr0.167 K0.167 Mg0.167 Sm0.167 Y0.167 Fe1 O3,-2.019992658983094,La0.167Sr0.167K0.167Mg0.167Sm0.167Y0.167,Fe1,37.833333333333336,5.8533333333333335,1.1283333333333336,1.3316666666666668,0.26333333333333336,2.3333333333333335,5.5,88.20166666666667,2.3333333333333335,35.116666666666674,0.9445379090177272
La0.167Sr0.167K0.167Mg0.167Ca0.167Gd0.167Fe1O3,-1.717303635,La0.167Sr0.167K0.167Mg0.167Ca0.167Gd0.167FeO3.0,La0.167 Sr0.167 K0.167 Mg0.167 Ca0.167 Gd0.167 Fe1 O3,-2.019992658983094,La0.167Sr0.167K0.167Mg0.167Ca0.167Gd0.167,Fe1,35.0,5.92,1.1283333333333336,1.3316666666666668,0.2501666666666667,2.166666666666667,5.333333333333334,81.21166666666666,2.166666666666667,33.083333333333336,0.9445379090177272
La0.333Sr0.333Eu0.333Fe1O3,-2.735745337,La0.333Sr0.333Eu0.333FeO3.0,La0.333 Sr0.333 Eu0.333 Fe1 O3,-1.0986122886681096,La0.333Sr0.333Eu0.333,Fe1,52.666666666666664,5.646666666666667,1.1500000000000001,1.3333333333333333,0.29833333333333334,2.6666666666666665,6.0,126.16333333333334,2.6666666666666665,34.4,0.9451141981629485
La0.167Sr0.167Li0.167Mg0.167Sm0.167Bi0.167Fe1O3,-1.710002269,La0.167Sr0.167Li0.167Mg0.167Sm0.167Bi0.167FeO3.0,La0.167 Sr0.167 Li0.167 Mg0.167 Sm0.167 Bi0.167 Fe1 O3,-1.7968491076688844,La0.167Sr0.167Li0.167Mg0.167Sm0.167Bi0.167,Fe1,42.0,5.3083333333333345,1.125,1.0166666666666668,0.2675,2.1666666666666665,4.666666666666667,101.69666666666667,2.5,22.266666666666666,0.8356192605708997
La0.167Sr0.167K0.167Mg0.167Sm0.167Eu0.167Fe1O3,-2.055389984,La0.167Sr0.167K0.167Mg0.167Sm0.167Eu0.167FeO3.0,La0.167 Sr0.167 K0.167 Mg0.167 Sm0.167 Eu0.167 Fe1 O3,-2.019992658983094,La0.167Sr0.167K0.167Mg0.167Sm0.167Eu0.167,Fe1,41.833333333333336,5.761666666666667,1.125,1.3183333333333334,0.2715,2.3333333333333335,5.5,98.71000000000001,2.3333333333333335,34.900000000000006,0.9399275958559568
La0.333Sr0.333Y0.333Fe1O3,-2.781325277,La0.333Sr0.333Y0.333FeO3.0,La0.333 Sr0.333 Y0.333 Fe1 O3,-1.0986122886681096,La0.333Sr0.333Y0.333,Fe1,44.666666666666664,5.83,1.1566666666666665,1.3599999999999999,0.282,2.6666666666666665,6.0,105.14666666666668,2.6666666666666665,34.833333333333336,0.9543348244864894
La0.250Sr0.250Mg0.250Gd0.250Fe1O3,-2.05624043,La0.25Sr0.25Mg0.25Gd0.25FeO3.0,La0.25 Sr0.25 Mg0.25 Gd0.25 Fe1 O3,-1.5990147122062974,La0.25Sr0.25Mg0.25Gd0.25,Fe1,42.75,6.2675,1.2375,1.2525,0.29500000000000004,2.5,5.5,102.02250000000001,2.5,30.325,0.9171641746197149
La0.167Sr0.167Li0.167Mg0.167Nd0.167Bi0.167Fe1O3,-1.899722366,La0.167Sr0.167Li0.167Mg0.167Nd0.167Bi0.167FeO3.0,La0.167 Sr0.167 Li0.167 Mg0.167 Nd0.167 Bi0.167 Fe1 O3,-1.7968491076688844,La0.167Sr0.167Li0.167Mg0.167Nd0.167Bi0.167,Fe1,41.666666666666664,5.290000000000001,1.12,1.0216666666666667,0.2675,2.1666666666666665,4.666666666666667,100.67666666666668,2.5,22.35,0.8373481280065636
La0.167Sr0.167K0.167Mg0.167Nd0.167Eu0.167Fe1O3,-1.612124289,La0.167Sr0.167K0.167Mg0.167Nd0.167Eu0.167FeO3.0,La0.167 Sr0.167 K0.167 Mg0.167 Nd0.167 Eu0.167 Fe1 O3,-2.019992658983094,La0.167Sr0.167K0.167Mg0.167Nd0.167Eu0.167,Fe1,41.50000000000001,5.743333333333334,1.12,1.3233333333333333,0.2715,2.3333333333333335,5.5,97.69,2.3333333333333335,34.98333333333334,0.9416564632916206
La0.167Sr0.167Na0.167Sm0.167Eu0.167Bi0.167Fe1O3,-2.000617639,La0.167Sr0.167Na0.167Sm0.167Eu0.167Bi0.167FeO3.0,La0.167 Sr0.167 Na0.167 Sm0.167 Eu0.167 Bi0.167 Fe1 O3,-1.6094379124341005,La0.167Sr0.167Na0.167Sm0.167Eu0.167Bi0.167,Fe1,52.333333333333336,5.835000000000001,1.2616666666666667,1.2766666666666666,0.304,2.5,5.666666666666667,126.80333333333334,2.8333333333333335,31.98333333333334,0.925520367225424
La0.200Sr0.200Mg0.200Pr0.200Sm0.200Fe1O3,-1.893840959,La0.2Sr0.2Mg0.2Pr0.2Sm0.2FeO3.0,La0.2 Sr0.2 Mg0.2 Pr0.2 Sm0.2 Fe1 O3,-1.8368555699861953,La0.2Sr0.2Mg0.2Pr0.2Sm0.2,Fe1,45.6,6.006000000000001,1.226,1.278,0.30700000000000005,2.6,5.6000000000000005,108.422,2.6,31.940000000000005,0.925981398541601
La0.167Sr0.167K0.167Mg0.167Ba0.167Pr0.167Fe1O3,-1.579092794,La0.167Sr0.167K0.167Mg0.167Ba0.167Pr0.167FeO3.0,La0.167 Sr0.167 K0.167 Mg0.167 Ba0.167 Pr0.167 Fe1 O3,-2.019992658983094,La0.167Sr0.167K0.167Mg0.167Ba0.167Pr0.167,Fe1,40.166666666666664,5.656666666666667,1.1116666666666668,1.4000000000000001,0.26383333333333336,2.3333333333333335,5.5,94.69666666666669,2.166666666666667,36.31666666666667,0.9681657639718009
La0.167Sr0.167Mg0.167Ca0.167Ba0.167Y0.167Fe1O3,-1.793736584,La0.167Sr0.167Mg0.167Ca0.167Ba0.167Y0.167FeO3.0,La0.167 Sr0.167 Mg0.167 Ca0.167 Ba0.167 Y0.167 Fe1 O3,-2.019992658983094,La0.167Sr0.167Mg0.167Ca0.167Ba0.167Y0.167,Fe1,37.0,6.076666666666668,1.1116666666666668,1.3433333333333333,0.2753333333333333,2.5,5.5,86.19333333333334,2.3333333333333335,31.233333333333334,0.9485719330342763
La0.167Sr0.167Mg0.167Ca0.167Ba0.167Eu0.167Fe1O3,-1.862785803,La0.167Sr0.167Mg0.167Ca0.167Ba0.167Eu0.167FeO3.0,La0.167 Sr0.167 Mg0.167 Ca0.167 Ba0.167 Eu0.167 Fe1 O3,-2.019992658983094,La0.167Sr0.167Mg0.167Ca0.167Ba0.167Eu0.167,Fe1,41.0,5.985000000000001,1.1083333333333334,1.3299999999999998,0.2835,2.5,5.5,96.70166666666667,2.3333333333333335,31.01666666666667,0.9439616198725057
La0.167Sr0.167K0.167Nd0.167Y0.167Bi0.167Fe1O3,-1.954134454,La0.167Sr0.167K0.167Nd0.167Y0.167Bi0.167FeO3.0,La0.167 Sr0.167 K0.167 Nd0.167 Y0.167 Bi0.167 Fe1 O3,-1.6094379124341005,La0.167Sr0.167K0.167Nd0.167Y0.167Bi0.167,Fe1,49.333333333333336,5.775,1.2416666666666667,1.3366666666666667,0.29433333333333334,2.5,5.833333333333333,117.96,2.8333333333333335,33.86666666666667,0.9462667764533911
La0.167Sr0.167Na0.167Mg0.167Ba0.167Y0.167Fe1O3,-1.724599243,La0.167Sr0.167Na0.167Mg0.167Ba0.167Y0.167FeO3.0,La0.167 Sr0.167 Na0.167 Mg0.167 Ba0.167 Y0.167 Fe1 O3,-2.019992658983094,La0.167Sr0.167Na0.167Mg0.167Ba0.167Y0.167,Fe1,35.50000000000001,5.915,1.1,1.3516666666666668,0.2563333333333333,2.3333333333333335,5.333333333333334,83.34500000000001,2.166666666666667,34.41666666666667,0.951453378760383
La0.167Sr0.167K0.167Nd0.167Eu0.167Bi0.167Fe1O3,-1.88075259,La0.167Sr0.167K0.167Nd0.167Eu0.167Bi0.167FeO3.0,La0.167 Sr0.167 K0.167 Nd0.167 Eu0.167 Bi0.167 Fe1 O3,-1.6094379124341005,La0.167Sr0.167K0.167Nd0.167Eu0.167Bi0.167,Fe1,53.33333333333333,5.683333333333334,1.2383333333333335,1.3233333333333333,0.3025,2.5,5.833333333333333,128.46833333333336,2.8333333333333335,33.65,0.9416564632916206
La0.167Sr0.167Mg0.167Ca0.167Ba0.167Nd0.167Fe1O3,-1.529181624,La0.167Sr0.167Mg0.167Ca0.167Ba0.167Nd0.167FeO3.0,La0.167 Sr0.167 Mg0.167 Ca0.167 Ba0.167 Nd0.167 Fe1 O3,-2.019992658983094,La0.167Sr0.167Mg0.167Ca0.167Ba0.167Nd0.167,Fe1,40.5,5.961666666666668,1.0983333333333334,1.3416666666666668,0.28283333333333327,2.5,5.5,95.415,2.3333333333333335,31.233333333333334,0.9479956438890551
La0.167Sr0.167Na0.167Ca0.167Y0.167Bi0.167Fe1O3,-1.818373224,La0.167Sr0.167Na0.167Ca0.167Y0.167Bi0.167FeO3.0,La0.167 Sr0.167 Na0.167 Ca0.167 Y0.167 Bi0.167 Fe1 O3,-1.6094379124341005,La0.167Sr0.167Na0.167Ca0.167Y0.167Bi0.167,Fe1,41.333333333333336,6.005000000000001,1.2366666666666668,1.3066666666666666,0.271,2.3333333333333335,5.5,97.91499999999999,2.666666666666667,30.500000000000004,0.9358935718394076
La0.167Sr0.167Pr0.167Nd0.167Gd0.167Y0.167Fe1O3,-1.847964923,La0.167Sr0.167Pr0.167Nd0.167Gd0.167Y0.167FeO3.0,La0.167 Sr0.167 Pr0.167 Nd0.167 Gd0.167 Y0.167 Fe1 O3,-1.791759469228055,La0.167Sr0.167Pr0.167Nd0.167Gd0.167Y0.167,Fe1,52.833333333333336,5.773333333333333,1.2333333333333334,1.3083333333333331,0.33216666666666667,2.833333333333333,6.0,126.30666666666669,2.833333333333333,34.9,0.9364698609846288
La0.167Sr0.167Na0.167Ca0.167Eu0.167Bi0.167Fe1O3,-2.061583199,La0.167Sr0.167Na0.167Ca0.167Eu0.167Bi0.167FeO3.0,La0.167 Sr0.167 Na0.167 Ca0.167 Eu0.167 Bi0.167 Fe1 O3,-1.6094379124341005,La0.167Sr0.167Na0.167Ca0.167Eu0.167Bi0.167,Fe1,45.33333333333334,5.913333333333334,1.2333333333333336,1.2933333333333332,0.2791666666666667,2.3333333333333335,5.5,108.42333333333333,2.666666666666667,30.283333333333335,0.9312832586776371
La0.167Sr0.167K0.167Ba0.167Gd0.167Bi0.167Fe1O3,-1.950816484,La0.167Sr0.167K0.167Ba0.167Gd0.167Bi0.167FeO3.0,La0.167 Sr0.167 K0.167 Ba0.167 Gd0.167 Bi0.167 Fe1 O3,-1.6094379124341005,La0.167Sr0.167K0.167Ba0.167Gd0.167Bi0.167,Fe1,52.83333333333334,5.71,1.2283333333333333,1.3766666666666667,0.2975,2.5,5.833333333333333,128.19833333333332,2.666666666666667,34.33333333333334,0.9600977159387025
La0.167Sr0.167Na0.167Mg0.167Ba0.167Nd0.167Fe1O3,-1.46390272,La0.167Sr0.167Na0.167Mg0.167Ba0.167Nd0.167FeO3.0,La0.167 Sr0.167 Na0.167 Mg0.167 Ba0.167 Nd0.167 Fe1 O3,-2.019992658983094,La0.167Sr0.167Na0.167Mg0.167Ba0.167Nd0.167,Fe1,39.0,5.800000000000001,1.086666666666667,1.3500000000000003,0.2638333333333333,2.3333333333333335,5.333333333333334,92.56666666666668,2.166666666666667,34.41666666666667,0.9508770896151616
La0.167Sr0.167Na0.167Ca0.167Nd0.167Bi0.167Fe1O3,-1.937712584,La0.167Sr0.167Na0.167Ca0.167Nd0.167Bi0.167FeO3.0,La0.167 Sr0.167 Na0.167 Ca0.167 Nd0.167 Bi0.167 Fe1 O3,-1.6094379124341005,La0.167Sr0.167Na0.167Ca0.167Nd0.167Bi0.167,Fe1,44.833333333333336,5.890000000000001,1.2233333333333334,1.3050000000000002,0.2785,2.3333333333333335,5.5,107.13666666666666,2.666666666666667,30.500000000000004,0.9353172826941862
La0.167Sr0.167Li0.167Na0.167Mg0.167Bi0.167Fe1O3,-1.654233558,La0.167Sr0.167Li0.167Na0.167Mg0.167Bi0.167FeO3.0,La0.167 Sr0.167 Li0.167 Na0.167 Mg0.167 Bi0.167 Fe1 O3,-1.7968491076688844,La0.167Sr0.167Li0.167Na0.167Mg0.167Bi0.167,Fe1,33.50000000000001,5.2250000000000005,1.0850000000000002,1.0416666666666665,0.22366666666666665,1.8333333333333335,4.333333333333334,80.46833333333332,2.166666666666667,23.750000000000004,0.8442635977492192
La0.167Sr0.167Ca0.167Ba0.167Sm0.167Bi0.167Fe1O3,-1.79337151,La0.167Sr0.167Ca0.167Ba0.167Sm0.167Bi0.167FeO3.0,La0.167 Sr0.167 Ca0.167 Ba0.167 Sm0.167 Bi0.167 Fe1 O3,-1.6094379124341005,La0.167Sr0.167Ca0.167Ba0.167Sm0.167Bi0.167,Fe1,52.66666666666667,5.920000000000001,1.2216666666666667,1.336666666666667,0.31383333333333335,2.6666666666666665,5.833333333333333,127.21333333333335,2.8333333333333335,29.816666666666666,0.9462667764533912
La0.200Sr0.200Mg0.200Ca0.200Gd0.200Fe1O3,-2.180711365,La0.2Sr0.2Mg0.2Ca0.2Gd0.2FeO3.0,La0.2 Sr0.2 Mg0.2 Ca0.2 Gd0.2 Fe1 O3,-1.8368555699861953,La0.2Sr0.2Mg0.2Ca0.2Gd0.2,Fe1,38.2,6.2360000000000015,1.19,1.27,0.28040000000000004,2.4,5.4,89.634,2.4,29.120000000000005,0.9232152106445387
La0.167Sr0.167Na0.167Ba0.167Eu0.167Bi0.167Fe1O3,-2.019927076,La0.167Sr0.167Na0.167Ba0.167Eu0.167Bi0.167FeO3.0,La0.167 Sr0.167 Na0.167 Ba0.167 Eu0.167 Bi0.167 Fe1 O3,-1.6094379124341005,La0.167Sr0.167Na0.167Ba0.167Eu0.167Bi0.167,Fe1,51.33333333333334,5.763333333333334,1.2150000000000003,1.3383333333333334,0.2955,2.5,5.666666666666667,124.63166666666666,2.666666666666667,32.86666666666667,0.9468430655986124
La0.167Sr0.167Ca0.167Pr0.167Gd0.167Y0.167Fe1O3,-1.995509465,La0.167Sr0.167Ca0.167Pr0.167Gd0.167Y0.167FeO3.0,La0.167 Sr0.167 Ca0.167 Pr0.167 Gd0.167 Y0.167 Fe1 O3,-1.791759469228055,La0.167Sr0.167Ca0.167Pr0.167Gd0.167Y0.167,Fe1,46.166666666666664,5.87,1.21,1.32,0.30733333333333335,2.6666666666666665,5.833333333333333,108.94666666666667,2.6666666666666665,33.11666666666667,0.940503885001178
La0.167Sr0.167Ca0.167Pr0.167Eu0.167Gd0.167Fe1O3,-1.739392022,La0.167Sr0.167Ca0.167Pr0.167Eu0.167Gd0.167FeO3.0,La0.167 Sr0.167 Ca0.167 Pr0.167 Eu0.167 Gd0.167 Fe1 O3,-1.791759469228055,La0.167Sr0.167Ca0.167Pr0.167Eu0.167Gd0.167,Fe1,50.16666666666667,5.778333333333334,1.2066666666666668,1.3066666666666666,0.3155,2.6666666666666665,5.833333333333333,119.45500000000001,2.6666666666666665,32.9,0.9358935718394076
La0.200Sr0.200Mg0.200Ba0.200Pr0.200Fe1O3,-2.009168357,La0.2Sr0.2Mg0.2Ba0.2Pr0.2FeO3.0,La0.2 Sr0.2 Mg0.2 Ba0.2 Pr0.2 Fe1 O3,-1.8368555699861953,La0.2Sr0.2Mg0.2Ba0.2Pr0.2,Fe1,44.400000000000006,5.920000000000001,1.17,1.352,0.29680000000000006,2.6,5.6000000000000005,105.816,2.4,33.00000000000001,0.9515686365894271
La0.250Sr0.250K0.250Gd0.250Fe1O3,-2.329161183,La0.25Sr0.25K0.25Gd0.25FeO3.0,La0.25 Sr0.25 K0.25 Gd0.25 Fe1 O3,-1.3862943611198906,La0.25Sr0.25K0.25Gd0.25,Fe1,44.5,5.4399999999999995,1.115,1.4049999999999998,0.25375000000000003,2.25,5.75,105.72,2.25,38.85,0.9698946314074648
La0.167Sr0.167Li0.167Mg0.167Pr0.167Gd0.167Fe1O3,-1.787760921,La0.167Sr0.167Li0.167Mg0.167Pr0.167Gd0.167FeO3.0,La0.167 Sr0.167 Li0.167 Mg0.167 Pr0.167 Gd0.167 Fe1 O3,-2.019992658983094,La0.167Sr0.167Li0.167Mg0.167Pr0.167Gd0.167,Fe1,38.333333333333336,5.090000000000001,1.0583333333333333,1.055,0.26,2.1666666666666665,4.666666666666667,91.5,2.1666666666666665,26.366666666666667,0.8488739109109897
La0.167Sr0.167K0.167Ba0.167Sm0.167Bi0.167Fe1O3,-1.758833582,La0.167Sr0.167K0.167Ba0.167Sm0.167Bi0.167FeO3.0,La0.167 Sr0.167 K0.167 Ba0.167 Sm0.167 Bi0.167 Fe1 O3,-1.6094379124341005,La0.167Sr0.167K0.167Ba0.167Sm0.167Bi0.167,Fe1,52.50000000000001,5.625,1.1916666666666667,1.3866666666666667,0.29333333333333333,2.5,5.833333333333333,127.05,2.666666666666667,34.583333333333336,0.9635554508100305
La0.167Sr0.167Ba0.167Pr0.167Eu0.167Gd0.167Fe1O3,-1.793190736,La0.167Sr0.167Ba0.167Pr0.167Eu0.167Gd0.167FeO3.0,La0.167 Sr0.167 Ba0.167 Pr0.167 Eu0.167 Gd0.167 Fe1 O3,-1.791759469228055,La0.167Sr0.167Ba0.167Pr0.167Eu0.167Gd0.167,Fe1,56.16666666666667,5.628333333333334,1.1883333333333335,1.3516666666666668,0.33183333333333337,2.833333333333333,6.0,135.66333333333336,2.6666666666666665,35.483333333333334,0.951453378760383
La0.200Sr0.200Ca0.200Sm0.200Bi0.200Fe1O3,-2.043132597,La0.2Sr0.2Ca0.2Sm0.2Bi0.2FeO3.0,La0.2 Sr0.2 Ca0.2 Sm0.2 Bi0.2 Fe1 O3,-1.3862943611198906,La0.2Sr0.2Ca0.2Sm0.2Bi0.2,Fe1,52.0,6.062000000000001,1.288,1.282,0.31260000000000004,2.6,5.800000000000001,125.19,3.0,27.820000000000004,0.9273644924901322
La0.167Sr0.167Na0.167K0.167Ca0.167Bi0.167Fe1O3,-1.612627483,La0.167Sr0.167Na0.167K0.167Ca0.167Bi0.167FeO3.0,La0.167 Sr0.167 Na0.167 K0.167 Ca0.167 Bi0.167 Fe1 O3,-1.6094379124341005,La0.167Sr0.167Na0.167K0.167Ca0.167Bi0.167,Fe1,38.0,5.691666666666667,1.1700000000000002,1.3666666666666667,0.2331666666666667,2.0,5.333333333333334,89.61333333333333,2.3333333333333335,33.483333333333334,0.9566399810673747
La0.200Sr0.200Na0.200Mg0.200Nd0.200Fe1O3,-2.074156122,La0.2Sr0.2Na0.2Mg0.2Nd0.2FeO3.0,La0.2 Sr0.2 Na0.2 Mg0.2 Nd0.2 Fe1 O3,-1.8368555699861953,La0.2Sr0.2Na0.2Mg0.2Nd0.2,Fe1,35.6,5.918000000000001,1.126,1.298,0.25260000000000005,2.2,5.2,83.614,2.2,33.34,0.9328968682842568
La0.200Sr0.200Mg0.200Ba0.200Sm0.200Fe1O3,-2.146437653,La0.2Sr0.2Mg0.2Ba0.2Sm0.2FeO3.0,La0.2 Sr0.2 Mg0.2 Ba0.2 Sm0.2 Fe1 O3,-1.8368555699861953,La0.2Sr0.2Mg0.2Ba0.2Sm0.2,Fe1,45.0,5.954000000000001,1.124,1.336,0.29500000000000004,2.6,5.6000000000000005,107.706,2.4,32.52,0.9460362607953026
Sr0.500Gd0.500Fe1O3,-3.258679245,Sr0.5Gd0.5FeO3.0,Sr0.5 Gd0.5 Fe1 O3,-0.6931471805599453,Sr0.5Gd0.5,Fe1,51.0,5.92,1.17,1.31,0.29500000000000004,2.5,6.0,122.435,2.5,31.75,0.9370461501298502
La0.167Sr0.167Li0.167Pr0.167Y0.167Bi0.167Fe1O3,-1.876735753,La0.167Sr0.167Li0.167Pr0.167Y0.167Bi0.167FeO3.0,La0.167 Sr0.167 Li0.167 Pr0.167 Y0.167 Bi0.167 Fe1 O3,-1.6094379124341005,La0.167Sr0.167Li0.167Pr0.167Y0.167Bi0.167,Fe1,46.0,5.041666666666667,1.1483333333333334,1.0716666666666665,0.2793333333333333,2.333333333333333,5.0,110.88833333333334,2.6666666666666665,25.366666666666664,0.8546368023632028
La0.200Sr0.200Mg0.200Ca0.200Nd0.200Fe1O3,-2.0403495,La0.2Sr0.2Mg0.2Ca0.2Nd0.2FeO3.0,La0.2 Sr0.2 Mg0.2 Ca0.2 Nd0.2 Fe1 O3,-1.8368555699861953,La0.2Sr0.2Mg0.2Ca0.2Nd0.2,Fe1,37.4,6.112000000000001,1.14,1.288,0.27540000000000003,2.4,5.4,87.032,2.4,29.520000000000003,0.9294391334129288
La0.167Sr0.167Ca0.167Nd0.167Eu0.167Gd0.167Fe1O3,-1.676214407,La0.167Sr0.167Ca0.167Nd0.167Eu0.167Gd0.167FeO3.0,La0.167 Sr0.167 Ca0.167 Nd0.167 Eu0.167 Gd0.167 Fe1 O3,-1.791759469228055,La0.167Sr0.167Ca0.167Nd0.167Eu0.167Gd0.167,Fe1,50.333333333333336,5.788333333333334,1.1633333333333336,1.2983333333333336,0.314,2.6666666666666665,5.833333333333333,120.01,2.6666666666666665,32.58333333333333,0.933012126113301
La0.167Sr0.167Na0.167Pr0.167Sm0.167Y0.167Fe1O3,-1.814379935,La0.167Sr0.167Na0.167Pr0.167Sm0.167Y0.167FeO3.0,La0.167 Sr0.167 Na0.167 Pr0.167 Sm0.167 Y0.167 Fe1 O3,-1.791759469228055,La0.167Sr0.167Na0.167Pr0.167Sm0.167Y0.167,Fe1,44.33333333333333,5.623333333333333,1.1616666666666668,1.3383333333333332,0.2841666666666667,2.5,5.666666666666667,104.94999999999999,2.5,36.55000000000001,0.9468430655986124
La0.200Sr0.200Mg0.200Ba0.200Eu0.200Fe1O3,-2.184750673,La0.2Sr0.2Mg0.2Ba0.2Eu0.2FeO3.0,La0.2 Sr0.2 Mg0.2 Ba0.2 Eu0.2 Fe1 O3,-1.8368555699861953,La0.2Sr0.2Mg0.2Ba0.2Eu0.2,Fe1,45.2,5.960000000000001,1.13,1.328,0.29580000000000006,2.6,5.6000000000000005,108.02600000000001,2.4,32.36000000000001,0.9432700728982403
Sr0.500Pr0.500Fe1O3,-3.274583851,Sr0.5Pr0.5FeO3.0,Sr0.5 Pr0.5 Fe1 O3,-0.6931471805599453,Sr0.5Pr0.5,Fe1,48.5,5.58,1.1749999999999998,1.38,0.28700000000000003,2.5,6.0,114.265,2.5,33.7,0.9612502942291451
La0.167Sr0.167Na0.167Nd0.167Gd0.167Y0.167Fe1O3,-1.969730815,La0.167Sr0.167Na0.167Nd0.167Gd0.167Y0.167FeO3.0,La0.167 Sr0.167 Na0.167 Nd0.167 Gd0.167 Y0.167 Fe1 O3,-1.791759469228055,La0.167Sr0.167Na0.167Nd0.167Gd0.167Y0.167,Fe1,44.833333333333336,5.718333333333334,1.155,1.32,0.28683333333333333,2.5,5.666666666666667,106.65333333333334,2.5,35.983333333333334,0.940503885001178
La0.167Sr0.167Li0.167Gd0.167Y0.167Bi0.167Fe1O3,-1.363266645,La0.167Sr0.167Li0.167Gd0.167Y0.167Bi0.167FeO3.0,La0.167 Sr0.167 Li0.167 Gd0.167 Y0.167 Bi0.167 Fe1 O3,-1.6094379124341005,La0.167Sr0.167Li0.167Gd0.167Y0.167Bi0.167,Fe1,46.83333333333334,5.155000000000001,1.1466666666666667,1.0483333333333333,0.282,2.333333333333333,5.0,113.61166666666668,2.6666666666666665,24.716666666666665,0.8465687543301045
La0.167Sr0.167Na0.167Nd0.167Sm0.167Gd0.167Fe1O3,-1.847663614,La0.167Sr0.167Na0.167Nd0.167Sm0.167Gd0.167FeO3.0,La0.167 Sr0.167 Na0.167 Nd0.167 Sm0.167 Gd0.167 Fe1 O3,-1.791759469228055,La0.167Sr0.167Na0.167Nd0.167Sm0.167Gd0.167,Fe1,48.66666666666667,5.621666666666667,1.1466666666666667,1.3133333333333332,0.29433333333333334,2.5,5.666666666666667,116.89500000000001,2.5,35.9,0.9381987284202926
La0.200Sr0.200Na0.200Sm0.200Bi0.200Fe1O3,-2.160694955,La0.2Sr0.2Na0.2Sm0.2Bi0.2FeO3.0,La0.2 Sr0.2 Na0.2 Sm0.2 Bi0.2 Fe1 O3,-1.3862943611198906,La0.2Sr0.2Na0.2Sm0.2Bi0.2,Fe1,50.2,5.868,1.274,1.292,0.28980000000000006,2.4000000000000004,5.6000000000000005,121.77199999999999,2.8,31.640000000000004,0.9308222273614601
La0.200Sr0.200Ba0.200Sm0.200Bi0.200Fe1O3,-2.090130119,La0.2Sr0.2Ba0.2Sm0.2Bi0.2FeO3.0,La0.2 Sr0.2 Ba0.2 Sm0.2 Bi0.2 Fe1 O3,-1.3862943611198906,La0.2Sr0.2Ba0.2Sm0.2Bi0.2,Fe1,59.2,5.882000000000001,1.266,1.336,0.33220000000000005,2.8000000000000003,6.000000000000001,144.64000000000001,3.0,30.920000000000005,0.9460362607953026
La0.167Sr0.167K0.167Pr0.167Nd0.167Eu0.167Fe1O3,-1.720304542,La0.167Sr0.167K0.167Pr0.167Nd0.167Eu0.167FeO3.0,La0.167 Sr0.167 K0.167 Pr0.167 Nd0.167 Eu0.167 Fe1 O3,-1.791759469228055,La0.167Sr0.167K0.167Pr0.167Nd0.167Eu0.167,Fe1,49.333333333333336,5.38,1.135,1.3716666666666668,0.2908333333333334,2.5,5.833333333333333,117.12333333333335,2.5,38.00000000000001,0.9583688485030386
La0.167Sr0.167Na0.167Ca0.167Pr0.167Eu0.167Fe1O3,-1.417088043,La0.167Sr0.167Na0.167Ca0.167Pr0.167Eu0.167FeO3.0,La0.167 Sr0.167 Na0.167 Ca0.167 Pr0.167 Eu0.167 Fe1 O3,-1.791759469228055,La0.167Sr0.167Na0.167Ca0.167Pr0.167Eu0.167,Fe1,41.333333333333336,5.61,1.1300000000000001,1.3416666666666666,0.26749999999999996,2.3333333333333335,5.5,97.07833333333333,2.3333333333333335,34.63333333333334,0.9479956438890549
La0.167Sr0.167Na0.167Ca0.167Eu0.167Gd0.167Fe1O3,-1.662389342,La0.167Sr0.167Na0.167Ca0.167Eu0.167Gd0.167FeO3.0,La0.167 Sr0.167 Na0.167 Ca0.167 Eu0.167 Gd0.167 Fe1 O3,-1.791759469228055,La0.167Sr0.167Na0.167Ca0.167Eu0.167Gd0.167,Fe1,42.16666666666667,5.723333333333334,1.1283333333333336,1.3183333333333334,0.2701666666666667,2.3333333333333335,5.5,99.80166666666668,2.3333333333333335,33.98333333333334,0.9399275958559568
La0.167Sr0.167Na0.167Ca0.167Pr0.167Sm0.167Fe1O3,-1.736520288,La0.167Sr0.167Na0.167Ca0.167Pr0.167Sm0.167FeO3.0,La0.167 Sr0.167 Na0.167 Ca0.167 Pr0.167 Sm0.167 Fe1 O3,-1.791759469228055,La0.167Sr0.167Na0.167Ca0.167Pr0.167Sm0.167,Fe1,41.16666666666667,5.605,1.125,1.3483333333333334,0.2668333333333333,2.3333333333333335,5.5,96.81166666666667,2.3333333333333335,34.766666666666666,0.9503008004699403
La0.167Sr0.167Li0.167Mg0.167Eu0.167Y0.167Fe1O3,-1.722875808,La0.167Sr0.167Li0.167Mg0.167Eu0.167Y0.167FeO3.0,La0.167 Sr0.167 Li0.167 Mg0.167 Eu0.167 Y0.167 Fe1 O3,-2.019992658983094,La0.167Sr0.167Li0.167Mg0.167Eu0.167Y0.167,Fe1,34.83333333333333,5.135,0.9966666666666668,1.0516666666666667,0.24749999999999997,2.1666666666666665,4.666666666666667,81.95166666666668,2.1666666666666665,26.166666666666668,0.8477213326205472
La0.200Sr0.200K0.200Sm0.200Eu0.200Fe1O3,-1.691600916,La0.2Sr0.2K0.2Sm0.2Eu0.2FeO3.0,La0.2 Sr0.2 K0.2 Sm0.2 Eu0.2 Fe1 O3,-1.6094379124341005,La0.2Sr0.2K0.2Sm0.2Eu0.2,Fe1,47.800000000000004,5.384,1.088,1.3760000000000001,0.273,2.4000000000000004,5.800000000000001,113.59,2.4000000000000004,38.120000000000005,0.959867200280614
La0.167Sr0.167Li0.167Nd0.167Eu0.167Y0.167Fe1O3,-1.234910196,La0.167Sr0.167Li0.167Nd0.167Eu0.167Y0.167FeO3.0,La0.167 Sr0.167 Li0.167 Nd0.167 Eu0.167 Y0.167 Fe1 O3,-1.791759469228055,La0.167Sr0.167Li0.167Nd0.167Eu0.167Y0.167,Fe1,42.833333333333336,4.781666666666666,0.9683333333333334,1.0916666666666666,0.2653333333333333,2.333333333333333,5.0,101.94000000000003,2.333333333333333,28.86666666666667,0.8615522721058584
La0.167Sr0.167Na0.167Ca0.167Sm0.167Gd0.167Fe1O3,-1.612111678,La0.167Sr0.167Na0.167Ca0.167Sm0.167Gd0.167FeO3.0,La0.167 Sr0.167 Na0.167 Ca0.167 Sm0.167 Gd0.167 Fe1 O3,-1.791759469228055,La0.167Sr0.167Na0.167Ca0.167Sm0.167Gd0.167,Fe1,42.0,5.718333333333334,1.1233333333333333,1.325,0.2695,2.3333333333333335,5.5,99.535,2.3333333333333335,34.116666666666674,0.9422327524368419
La0.167Sr0.167Li0.167Mg0.167Sm0.167Y0.167Fe1O3,-1.632616894,La0.167Sr0.167Li0.167Mg0.167Sm0.167Y0.167FeO3.0,La0.167 Sr0.167 Li0.167 Mg0.167 Sm0.167 Y0.167 Fe1 O3,-2.019992658983094,La0.167Sr0.167Li0.167Mg0.167Sm0.167Y0.167,Fe1,34.666666666666664,5.130000000000001,0.9916666666666668,1.0583333333333333,0.24683333333333335,2.1666666666666665,4.666666666666667,81.68500000000002,2.1666666666666665,26.3,0.8500264892014323
La0.167Sr0.167Li0.167Eu0.167Y0.167Bi0.167Fe1O3,-1.711350323,La0.167Sr0.167Li0.167Eu0.167Y0.167Bi0.167FeO3.0,La0.167 Sr0.167 Li0.167 Eu0.167 Y0.167 Bi0.167 Fe1 O3,-1.6094379124341005,La0.167Sr0.167Li0.167Eu0.167Y0.167Bi0.167,Fe1,46.66666666666667,5.075,1.1150000000000002,1.0516666666666667,0.2785,2.333333333333333,5.0,112.73,2.6666666666666665,24.833333333333332,0.8477213326205472
La0.167Sr0.167Na0.167Nd0.167Sm0.167Eu0.167Fe1O3,-1.59051858,La0.167Sr0.167Na0.167Nd0.167Sm0.167Eu0.167FeO3.0,La0.167 Sr0.167 Na0.167 Nd0.167 Sm0.167 Eu0.167 Fe1 O3,-1.791759469228055,La0.167Sr0.167Na0.167Nd0.167Sm0.167Eu0.167,Fe1,48.5,5.541666666666667,1.115,1.3166666666666667,0.2908333333333334,2.5,5.666666666666667,116.01333333333334,2.5,36.01666666666667,0.9393513067107354
La0.167Sr0.167Na0.167Ba0.167Pr0.167Y0.167Fe1O3,-1.737320194,La0.167Sr0.167Na0.167Ba0.167Pr0.167Y0.167FeO3.0,La0.167 Sr0.167 Na0.167 Ba0.167 Pr0.167 Y0.167 Fe1 O3,-1.791759469228055,La0.167Sr0.167Na0.167Ba0.167Pr0.167Y0.167,Fe1,43.333333333333336,5.551666666666667,1.1150000000000002,1.4000000000000001,0.27566666666666667,2.5,5.666666666666667,102.77833333333334,2.3333333333333335,37.43333333333334,0.9681657639718009
La0.167Sr0.167Li0.167Mg0.167Nd0.167Y0.167Fe1O3,-1.506335631,La0.167Sr0.167Li0.167Mg0.167Nd0.167Y0.167FeO3.0,La0.167 Sr0.167 Li0.167 Mg0.167 Nd0.167 Y0.167 Fe1 O3,-2.019992658983094,La0.167Sr0.167Li0.167Mg0.167Nd0.167Y0.167,Fe1,34.333333333333336,5.111666666666667,0.9866666666666667,1.0633333333333335,0.24683333333333335,2.1666666666666665,4.666666666666667,80.665,2.1666666666666665,26.383333333333336,0.8517553566370963
La0.167Sr0.167Li0.167Ca0.167Pr0.167Bi0.167Fe1O3,-1.794342699,La0.167Sr0.167Li0.167Ca0.167Pr0.167Bi0.167FeO3.0,La0.167 Sr0.167 Li0.167 Ca0.167 Pr0.167 Bi0.167 Fe1 O3,-1.6094379124341005,La0.167Sr0.167Li0.167Ca0.167Pr0.167Bi0.167,Fe1,42.83333333333333,5.023333333333333,1.1116666666666668,1.0816666666666668,0.26199999999999996,2.1666666666666665,4.833333333333333,102.75,2.5,23.583333333333336,0.8580945372345307
La0.167Sr0.167K0.167Ca0.167Pr0.167Eu0.167Fe1O3,-1.559199191,La0.167Sr0.167K0.167Ca0.167Pr0.167Eu0.167FeO3.0,La0.167 Sr0.167 K0.167 Ca0.167 Pr0.167 Eu0.167 Fe1 O3,-1.791759469228055,La0.167Sr0.167K0.167Ca0.167Pr0.167Eu0.167,Fe1,42.66666666666667,5.4766666666666675,1.1116666666666668,1.3833333333333333,0.266,2.3333333333333335,5.666666666666667,99.76333333333334,2.3333333333333335,36.21666666666667,0.9624028725195878
La0.167Sr0.167Li0.167Sm0.167Eu0.167Bi0.167Fe1O3,-1.601278304,La0.167Sr0.167Li0.167Sm0.167Eu0.167Bi0.167FeO3.0,La0.167 Sr0.167 Li0.167 Sm0.167 Eu0.167 Bi0.167 Fe1 O3,-1.6094379124341005,La0.167Sr0.167Li0.167Sm0.167Eu0.167Bi0.167,Fe1,50.5,4.9783333333333335,1.1066666666666667,1.0450000000000002,0.286,2.333333333333333,5.0,122.97166666666668,2.6666666666666665,24.750000000000004,0.845416176039662
La0.167Sr0.167K0.167Ca0.167Pr0.167Sm0.167Fe1O3,-1.592207809,La0.167Sr0.167K0.167Ca0.167Pr0.167Sm0.167FeO3.0,La0.167 Sr0.167 K0.167 Ca0.167 Pr0.167 Sm0.167 Fe1 O3,-1.791759469228055,La0.167Sr0.167K0.167Ca0.167Pr0.167Sm0.167,Fe1,42.5,5.471666666666668,1.1066666666666667,1.39,0.2653333333333333,2.3333333333333335,5.666666666666667,99.49666666666667,2.3333333333333335,36.35,0.964708029100473
La0.200Sr0.200Ca0.200Ba0.200Bi0.200Fe1O3,-1.85698752,La0.2Sr0.2Ca0.2Ba0.2Bi0.2FeO3.0,La0.2 Sr0.2 Ca0.2 Ba0.2 Bi0.2 Fe1 O3,-1.3862943611198906,La0.2Sr0.2Ca0.2Ba0.2Bi0.2,Fe1,50.800000000000004,5.976000000000001,1.2320000000000002,1.356,0.3024,2.6,5.800000000000001,122.584,2.8,28.880000000000003,0.9529517305379585
La0.200Sr0.200Na0.200Pr0.200Bi0.200Fe1O3,-2.219625626,La0.2Sr0.2Na0.2Pr0.2Bi0.2FeO3.0,La0.2 Sr0.2 Na0.2 Pr0.2 Bi0.2 Fe1 O3,-1.3862943611198906,La0.2Sr0.2Na0.2Pr0.2Bi0.2,Fe1,49.6,5.8340000000000005,1.3199999999999998,1.308,0.2916,2.4000000000000004,5.6000000000000005,119.882,2.8,32.120000000000005,0.9363546031555847
La0.167Sr0.167Na0.167K0.167Pr0.167Y0.167Fe1O3,-1.677054554,La0.167Sr0.167Na0.167K0.167Pr0.167Y0.167FeO3.0,La0.167 Sr0.167 Na0.167 K0.167 Pr0.167 Y0.167 Fe1 O3,-1.791759469228055,La0.167Sr0.167Na0.167K0.167Pr0.167Y0.167,Fe1,37.166666666666664,5.406666666666667,1.1033333333333335,1.405,0.23883333333333334,2.1666666666666665,5.5,86.40666666666667,2.1666666666666665,39.61666666666667,0.9698946314074648
La0.167Sr0.167Na0.167K0.167Pr0.167Eu0.167Fe1O3,-1.633943341,La0.167Sr0.167Na0.167K0.167Pr0.167Eu0.167FeO3.0,La0.167 Sr0.167 Na0.167 K0.167 Pr0.167 Eu0.167 Fe1 O3,-1.791759469228055,La0.167Sr0.167Na0.167K0.167Pr0.167Eu0.167,Fe1,41.16666666666667,5.315,1.1,1.3916666666666666,0.247,2.1666666666666665,5.5,96.915,2.1666666666666665,39.400000000000006,0.9652843182456943
La0.167Sr0.167Na0.167Ba0.167Nd0.167Gd0.167Fe1O3,-1.600206522,La0.167Sr0.167Na0.167Ba0.167Nd0.167Gd0.167FeO3.0,La0.167 Sr0.167 Na0.167 Ba0.167 Nd0.167 Gd0.167 Fe1 O3,-1.791759469228055,La0.167Sr0.167Na0.167Ba0.167Nd0.167Gd0.167,Fe1,47.66666666666667,5.550000000000001,1.1,1.375,0.28583333333333333,2.5,5.666666666666667,114.72333333333334,2.3333333333333335,36.78333333333334,0.9595214267934813
La0.167Sr0.167K0.167Ca0.167Nd0.167Gd0.167Fe1O3,-1.434016352,La0.167Sr0.167K0.167Ca0.167Nd0.167Gd0.167FeO3.0,La0.167 Sr0.167 K0.167 Ca0.167 Nd0.167 Gd0.167 Fe1 O3,-1.791759469228055,La0.167Sr0.167K0.167Ca0.167Nd0.167Gd0.167,Fe1,43.00000000000001,5.566666666666667,1.1,1.3716666666666668,0.26800000000000007,2.3333333333333335,5.666666666666667,101.2,2.3333333333333335,35.78333333333334,0.9583688485030386
La0.167Sr0.167Li0.167Nd0.167Sm0.167Bi0.167Fe1O3,-1.566925762,La0.167Sr0.167Li0.167Nd0.167Sm0.167Bi0.167FeO3.0,La0.167 Sr0.167 Li0.167 Nd0.167 Sm0.167 Bi0.167 Fe1 O3,-1.6094379124341005,La0.167Sr0.167Li0.167Nd0.167Sm0.167Bi0.167,Fe1,50.00000000000001,4.955000000000001,1.0966666666666667,1.0566666666666666,0.2853333333333334,2.333333333333333,5.0,121.68500000000002,2.6666666666666665,24.966666666666672,0.849450200056211
La0.167Sr0.167K0.167Ba0.167Pr0.167Y0.167Fe1O3,-1.577894184,La0.167Sr0.167K0.167Ba0.167Pr0.167Y0.167FeO3.0,La0.167 Sr0.167 K0.167 Ba0.167 Pr0.167 Y0.167 Fe1 O3,-1.791759469228055,La0.167Sr0.167K0.167Ba0.167Pr0.167Y0.167,Fe1,44.666666666666664,5.418333333333333,1.096666666666667,1.4416666666666667,0.27416666666666667,2.5,5.833333333333333,105.46333333333334,2.3333333333333335,39.01666666666667,0.9825729926023338
La0.200Sr0.200K0.200Ca0.200Bi0.200Fe1O3,-1.92141305,La0.2Sr0.2K0.2Ca0.2Bi0.2FeO3.0,La0.2 Sr0.2 K0.2 Ca0.2 Bi0.2 Fe1 O3,-1.3862943611198906,La0.2Sr0.2K0.2Ca0.2Bi0.2,Fe1,43.400000000000006,5.8020000000000005,1.218,1.362,0.25820000000000004,2.2,5.6000000000000005,102.93799999999999,2.6,31.500000000000004,0.9550263714607551
La0.167Sr0.167Na0.167Ca0.167Nd0.167Y0.167Fe1O3,-1.589225573,La0.167Sr0.167Na0.167Ca0.167Nd0.167Y0.167FeO3.0,La0.167 Sr0.167 Na0.167 Ca0.167 Nd0.167 Y0.167 Fe1 O3,-1.791759469228055,La0.167Sr0.167Na0.167Ca0.167Nd0.167Y0.167,Fe1,37.5,5.711666666666667,1.09,1.3466666666666667,0.2578333333333333,2.3333333333333335,5.5,87.125,2.3333333333333335,34.53333333333334,0.949724511324719
La0.200Sr0.200Pr0.200Sm0.200Y0.200Fe1O3,-2.070693783,La0.2Sr0.2Pr0.2Sm0.2Y0.2FeO3.0,La0.2 Sr0.2 Pr0.2 Sm0.2 Y0.2 Fe1 O3,-1.6094379124341005,La0.2Sr0.2Pr0.2Sm0.2Y0.2,Fe1,51.0,5.720000000000001,1.208,1.328,0.3194,2.8000000000000003,6.000000000000001,121.342,2.8000000000000003,35.18,0.9432700728982403
La0.167Sr0.167Ca0.167Ba0.167Sm0.167Eu0.167Fe1O3,-1.866731133,La0.167Sr0.167Ca0.167Ba0.167Sm0.167Eu0.167FeO3.0,La0.167 Sr0.167 Ca0.167 Ba0.167 Sm0.167 Eu0.167 Fe1 O3,-1.791759469228055,La0.167Sr0.167Ca0.167Ba0.167Sm0.167Eu0.167,Fe1,49.333333333333336,5.65,1.085,1.3650000000000002,0.3013333333333334,2.6666666666666665,5.833333333333333,117.71000000000001,2.5,33.63333333333333,0.9560636919221535
La0.167Sr0.167K0.167Ca0.167Eu0.167Y0.167Fe1O3,-1.618711444,La0.167Sr0.167K0.167Ca0.167Eu0.167Y0.167FeO3.0,La0.167 Sr0.167 K0.167 Ca0.167 Eu0.167 Y0.167 Fe1 O3,-1.791759469228055,La0.167Sr0.167K0.167Ca0.167Eu0.167Y0.167,Fe1,39.333333333333336,5.601666666666667,1.0816666666666668,1.3766666666666665,0.257,2.3333333333333335,5.666666666666667,91.09666666666668,2.3333333333333335,35.9,0.9600977159387025
La0.167Sr0.167Li0.167Ca0.167Eu0.167Bi0.167Fe1O3,-1.623265708,La0.167Sr0.167Li0.167Ca0.167Eu0.167Bi0.167FeO3.0,La0.167 Sr0.167 Li0.167 Ca0.167 Eu0.167 Bi0.167 Fe1 O3,-1.6094379124341005,La0.167Sr0.167Li0.167Ca0.167Eu0.167Bi0.167,Fe1,43.5,5.0566666666666675,1.0783333333333336,1.061666666666667,0.26116666666666666,2.1666666666666665,4.833333333333333,104.59166666666668,2.5,23.05,0.8511790674918751
La0.167Sr0.167Li0.167Mg0.167Ca0.167Sm0.167Fe1O3,-1.411503617,La0.167Sr0.167Li0.167Mg0.167Ca0.167Sm0.167FeO3.0,La0.167 Sr0.167 Li0.167 Mg0.167 Ca0.167 Sm0.167 Fe1 O3,-2.019992658983094,La0.167Sr0.167Li0.167Mg0.167Ca0.167Sm0.167,Fe1,31.500000000000004,5.111666666666668,0.9550000000000002,1.0683333333333334,0.2295,2.0,4.5,73.54666666666667,2.0,24.51666666666667,0.8534842240727603
La0.200Sr0.200Pr0.200Nd0.200Eu0.200Fe1O3,-1.723222276,La0.2Sr0.2Pr0.2Nd0.2Eu0.2FeO3.0,La0.2 Sr0.2 Pr0.2 Nd0.2 Eu0.2 Fe1 O3,-1.6094379124341005,La0.2Sr0.2Pr0.2Nd0.2Eu0.2,Fe1,55.4,5.588000000000001,1.198,1.318,0.32920000000000005,2.8000000000000003,6.000000000000001,132.728,2.8000000000000003,35.02,0.9398123380269124
La0.167Sr0.167Li0.167Na0.167Mg0.167Y0.167Fe1O3,-1.410772363,La0.167Sr0.167Li0.167Na0.167Mg0.167Y0.167FeO3.0,La0.167 Sr0.167 Li0.167 Na0.167 Mg0.167 Y0.167 Fe1 O3,-2.019992658983094,La0.167Sr0.167Li0.167Na0.167Mg0.167Y0.167,Fe1,26.16666666666667,5.046666666666666,0.9516666666666668,1.0833333333333333,0.20299999999999999,1.8333333333333335,4.333333333333334,60.45666666666666,1.8333333333333335,27.783333333333335,0.858670826379752
La0.167Sr0.167Na0.167Ba0.167Nd0.167Y0.167Fe1O3,-1.581229684,La0.167Sr0.167Na0.167Ba0.167Nd0.167Y0.167FeO3.0,La0.167 Sr0.167 Na0.167 Ba0.167 Nd0.167 Y0.167 Fe1 O3,-1.791759469228055,La0.167Sr0.167Na0.167Ba0.167Nd0.167Y0.167,Fe1,43.5,5.561666666666667,1.0716666666666668,1.3916666666666666,0.2741666666666667,2.5,5.666666666666667,103.33333333333334,2.3333333333333335,37.11666666666667,0.9652843182456943
La0.167Sr0.167Li0.167Mg0.167Ca0.167Nd0.167Fe1O3,-1.757453334,La0.167Sr0.167Li0.167Mg0.167Ca0.167Nd0.167FeO3.0,La0.167 Sr0.167 Li0.167 Mg0.167 Ca0.167 Nd0.167 Fe1 O3,-2.019992658983094,La0.167Sr0.167Li0.167Mg0.167Ca0.167Nd0.167,Fe1,31.166666666666664,5.093333333333335,0.9500000000000001,1.0733333333333335,0.2295,2.0,4.5,72.52666666666667,2.0,24.6,0.8552130915084243
La0.167Sr0.167Li0.167Na0.167Y0.167Bi0.167Fe1O3,-1.542109089,La0.167Sr0.167Li0.167Na0.167Y0.167Bi0.167FeO3.0,La0.167 Sr0.167 Li0.167 Na0.167 Y0.167 Bi0.167 Fe1 O3,-1.6094379124341005,La0.167Sr0.167Li0.167Na0.167Y0.167Bi0.167,Fe1,38.00000000000001,4.986666666666667,1.07,1.0833333333333333,0.234,2.0,4.666666666666667,91.235,2.3333333333333335,26.45,0.858670826379752
La0.167Sr0.167Li0.167Na0.167Mg0.167Eu0.167Fe1O3,-1.449461025,La0.167Sr0.167Li0.167Na0.167Mg0.167Eu0.167FeO3.0,La0.167 Sr0.167 Li0.167 Na0.167 Mg0.167 Eu0.167 Fe1 O3,-2.019992658983094,La0.167Sr0.167Li0.167Na0.167Mg0.167Eu0.167,Fe1,30.16666666666667,4.955,0.9483333333333335,1.0699999999999998,0.21116666666666664,1.8333333333333335,4.333333333333334,70.965,1.8333333333333335,27.56666666666667,0.8540605132179815
La0.167Sr0.167Na0.167Ba0.167Nd0.167Eu0.167Fe1O3,-1.56072666,La0.167Sr0.167Na0.167Ba0.167Nd0.167Eu0.167FeO3.0,La0.167 Sr0.167 Na0.167 Ba0.167 Nd0.167 Eu0.167 Fe1 O3,-1.791759469228055,La0.167Sr0.167Na0.167Ba0.167Nd0.167Eu0.167,Fe1,47.50000000000001,5.470000000000001,1.0683333333333334,1.3783333333333332,0.2823333333333334,2.5,5.666666666666667,113.84166666666668,2.3333333333333335,36.900000000000006,0.9606740050839239
La0.167Sr0.167Na0.167Ba0.167Nd0.167Sm0.167Fe1O3,-1.390404845,La0.167Sr0.167Na0.167Ba0.167Nd0.167Sm0.167FeO3.0,La0.167 Sr0.167 Na0.167 Ba0.167 Nd0.167 Sm0.167 Fe1 O3,-1.791759469228055,La0.167Sr0.167Na0.167Ba0.167Nd0.167Sm0.167,Fe1,47.333333333333336,5.465000000000001,1.0633333333333335,1.385,0.2816666666666667,2.5,5.666666666666667,113.57500000000002,2.3333333333333335,37.03333333333333,0.9629791616648092
La0.250Sr0.250Pr0.250Nd0.250Fe1O3,-2.447050083,La0.25Sr0.25Pr0.25Nd0.25FeO3.0,La0.25 Sr0.25 Pr0.25 Nd0.25 Fe1 O3,-1.3862943611198906,La0.25Sr0.25Pr0.25Nd0.25,Fe1,53.5,5.5675,1.1975,1.3475000000000001,0.31775,2.75,6.0,127.92,2.75,35.35,0.9500126558973296
La0.167Sr0.167Na0.167K0.167Sm0.167Eu0.167Fe1O3,-1.65714606,La0.167Sr0.167Na0.167K0.167Sm0.167Eu0.167FeO3.0,La0.167 Sr0.167 Na0.167 K0.167 Sm0.167 Eu0.167 Fe1 O3,-1.791759469228055,La0.167Sr0.167Na0.167K0.167Sm0.167Eu0.167,Fe1,41.666666666666664,5.343333333333334,1.0616666666666668,1.3783333333333332,0.24550000000000002,2.1666666666666665,5.5,98.49000000000001,2.1666666666666665,39.0,0.9606740050839239
La0.250Sr0.250Ba0.250Pr0.250Fe1O3,-2.309103849,La0.25Sr0.25Ba0.25Pr0.25FeO3.0,La0.25 Sr0.25 Ba0.25 Pr0.25 Fe1 O3,-1.3862943611198906,La0.25Sr0.25Ba0.25Pr0.25,Fe1,52.5,5.4875,1.135,1.4325,0.30500000000000005,2.75,6.0,126.1925,2.5,36.55,0.9794034023036164
La0.167Sr0.167Li0.167Ba0.167Sm0.167Bi0.167Fe1O3,-1.409002486,La0.167Sr0.167Li0.167Ba0.167Sm0.167Bi0.167FeO3.0,La0.167 Sr0.167 Li0.167 Ba0.167 Sm0.167 Bi0.167 Fe1 O3,-1.6094379124341005,La0.167Sr0.167Li0.167Ba0.167Sm0.167Bi0.167,Fe1,49.333333333333336,4.901666666666667,1.055,1.1133333333333335,0.2768333333333334,2.333333333333333,5.0,120.53333333333333,2.5,25.76666666666667,0.8690440309937357
La0.200Sr0.200Ca0.200Pr0.200Y0.200Fe1O3,-2.141247291,La0.2Sr0.2Ca0.2Pr0.2Y0.2FeO3.0,La0.2 Sr0.2 Ca0.2 Pr0.2 Y0.2 Fe1 O3,-1.6094379124341005,La0.2Sr0.2Ca0.2Pr0.2Y0.2,Fe1,42.599999999999994,5.814000000000001,1.174,1.348,0.2896,2.6,5.800000000000001,99.28599999999999,2.6,33.14,0.9501855426408962
La0.167Sr0.167Li0.167K0.167Nd0.167Bi0.167Fe1O3,-1.303790986,La0.167Sr0.167Li0.167K0.167Nd0.167Bi0.167FeO3.0,La0.167 Sr0.167 Li0.167 K0.167 Nd0.167 Bi0.167 Fe1 O3,-1.6094379124341005,La0.167Sr0.167Li0.167K0.167Nd0.167Bi0.167,Fe1,42.83333333333333,4.738333333333333,1.0383333333333333,1.1233333333333333,0.24000000000000002,2.0,4.833333333333333,103.14166666666667,2.3333333333333335,28.033333333333335,0.8725017658650635
La0.200Sr0.200Ca0.200Pr0.200Eu0.200Fe1O3,-2.01813963,La0.2Sr0.2Ca0.2Pr0.2Eu0.2FeO3.0,La0.2 Sr0.2 Ca0.2 Pr0.2 Eu0.2 Fe1 O3,-1.6094379124341005,La0.2Sr0.2Ca0.2Pr0.2Eu0.2,Fe1,47.4,5.7040000000000015,1.17,1.332,0.2994,2.6,5.800000000000001,111.89599999999999,2.6,32.88,0.9446531668467716
La0.200Sr0.200Sm0.200Eu0.200Y0.200Fe1O3,-2.239702665,La0.2Sr0.2Sm0.2Eu0.2Y0.2FeO3.0,La0.2 Sr0.2 Sm0.2 Eu0.2 Y0.2 Fe1 O3,-1.6094379124341005,La0.2Sr0.2Sm0.2Eu0.2Y0.2,Fe1,51.8,5.760000000000001,1.168,1.304,0.3184,2.8000000000000003,6.000000000000001,123.552,2.8000000000000003,34.540000000000006,0.9349715092070534
La0.167Sr0.167Li0.167K0.167Eu0.167Bi0.167Fe1O3,-1.383238547,La0.167Sr0.167Li0.167K0.167Eu0.167Bi0.167FeO3.0,La0.167 Sr0.167 Li0.167 K0.167 Eu0.167 Bi0.167 Fe1 O3,-1.6094379124341005,La0.167Sr0.167Li0.167K0.167Eu0.167Bi0.167,Fe1,43.333333333333336,4.761666666666668,1.0483333333333336,1.1116666666666668,0.2406666666666667,2.0,4.833333333333333,104.42833333333334,2.3333333333333335,27.81666666666667,0.8684677418485143
La0.167Sr0.167Na0.167Ca0.167Ba0.167Y0.167Fe1O3,-1.442948289,La0.167Sr0.167Na0.167Ca0.167Ba0.167Y0.167FeO3.0,La0.167 Sr0.167 Na0.167 Ca0.167 Ba0.167 Y0.167 Fe1 O3,-1.791759469228055,La0.167Sr0.167Na0.167Ca0.167Ba0.167Y0.167,Fe1,36.833333333333336,5.658333333333333,1.0483333333333336,1.4033333333333333,0.24933333333333332,2.3333333333333335,5.5,85.97333333333334,2.166666666666667,35.333333333333336,0.9693183422622436
La0.167Sr0.167Na0.167K0.167Ba0.167Gd0.167Fe1O3,-1.533088523,La0.167Sr0.167Na0.167K0.167Ba0.167Gd0.167FeO3.0,La0.167 Sr0.167 Na0.167 K0.167 Ba0.167 Gd0.167 Fe1 O3,-1.791759469228055,La0.167Sr0.167Na0.167K0.167Ba0.167Gd0.167,Fe1,40.833333333333336,5.351666666666667,1.0466666666666669,1.4366666666666668,0.2405,2.1666666666666665,5.5,97.2,2.0,39.76666666666667,0.9808441251666699
La0.167Sr0.167Na0.167Ca0.167Ba0.167Eu0.167Fe1O3,-1.444610371,La0.167Sr0.167Na0.167Ca0.167Ba0.167Eu0.167FeO3.0,La0.167 Sr0.167 Na0.167 Ca0.167 Ba0.167 Eu0.167 Fe1 O3,-1.791759469228055,La0.167Sr0.167Na0.167Ca0.167Ba0.167Eu0.167,Fe1,40.83333333333334,5.566666666666666,1.0450000000000002,1.39,0.2575,2.3333333333333335,5.5,96.48166666666667,2.166666666666667,35.11666666666667,0.964708029100473
La0.167Sr0.167Li0.167Pr0.167Gd0.167Y0.167Fe1O3,-1.293631156,La0.167Sr0.167Li0.167Pr0.167Gd0.167Y0.167FeO3.0,La0.167 Sr0.167 Li0.167 Pr0.167 Gd0.167 Y0.167 Fe1 O3,-1.791759469228055,La0.167Sr0.167Li0.167Pr0.167Gd0.167Y0.167,Fe1,42.83333333333333,4.851666666666667,1.0433333333333334,1.0966666666666667,0.2703333333333333,2.333333333333333,5.0,102.26666666666668,2.333333333333333,29.066666666666666,0.8632811395415224
La0.200Sr0.200Nd0.200Sm0.200Y0.200Fe1O3,-1.916201536,La0.2Sr0.2Nd0.2Sm0.2Y0.2FeO3.0,La0.2 Sr0.2 Nd0.2 Sm0.2 Y0.2 Fe1 O3,-1.6094379124341005,La0.2Sr0.2Nd0.2Sm0.2Y0.2,Fe1,51.2,5.732,1.156,1.318,0.3176,2.8000000000000003,6.000000000000001,122.008,2.8000000000000003,34.800000000000004,0.9398123380269124
La0.200Sr0.200Na0.200Eu0.200Gd0.200Fe1O3,-1.752888775,La0.2Sr0.2Na0.2Eu0.2Gd0.2FeO3.0,La0.2 Sr0.2 Na0.2 Eu0.2 Gd0.2 Fe1 O3,-1.6094379124341005,La0.2Sr0.2Na0.2Eu0.2Gd0.2,Fe1,46.599999999999994,5.646000000000001,1.154,1.314,0.27980000000000005,2.4000000000000004,5.6000000000000005,111.746,2.4000000000000004,35.92,0.9384292440783814
La0.167Sr0.167Na0.167Ca0.167Ba0.167Nd0.167Fe1O3,-1.560554387,La0.167Sr0.167Na0.167Ca0.167Ba0.167Nd0.167FeO3.0,La0.167 Sr0.167 Na0.167 Ca0.167 Ba0.167 Nd0.167 Fe1 O3,-1.791759469228055,La0.167Sr0.167Na0.167Ca0.167Ba0.167Nd0.167,Fe1,40.333333333333336,5.543333333333334,1.0350000000000001,1.4016666666666668,0.2568333333333333,2.3333333333333335,5.5,95.19500000000002,2.166666666666667,35.333333333333336,0.9687420531170222
La0.167Sr0.167Li0.167Na0.167Mg0.167Ca0.167Fe1O3,-1.20237454,La0.167Sr0.167Li0.167Na0.167Mg0.167Ca0.167FeO3.0,La0.167 Sr0.167 Li0.167 Na0.167 Mg0.167 Ca0.167 Fe1 O3,-2.019992658983094,La0.167Sr0.167Li0.167Na0.167Mg0.167Ca0.167,Fe1,23.000000000000004,5.028333333333333,0.9150000000000001,1.0933333333333335,0.18566666666666665,1.6666666666666667,4.166666666666667,52.318333333333335,1.6666666666666667,26.000000000000004,0.8621285612510798
La0.167Sr0.167Li0.167Pr0.167Nd0.167Gd0.167Fe1O3,-1.701238242,La0.167Sr0.167Li0.167Pr0.167Nd0.167Gd0.167FeO3.0,La0.167 Sr0.167 Li0.167 Pr0.167 Nd0.167 Gd0.167 Fe1 O3,-1.791759469228055,La0.167Sr0.167Li0.167Pr0.167Nd0.167Gd0.167,Fe1,46.333333333333336,4.736666666666667,1.03,1.095,0.2778333333333333,2.333333333333333,5.0,111.48833333333334,2.333333333333333,29.066666666666663,0.8627048503963012
La0.250Sr0.250Na0.250Ba0.250Fe1O3,-1.901710741,La0.25Sr0.25Na0.25Ba0.25FeO3.0,La0.25 Sr0.25 Na0.25 Ba0.25 Fe1 O3,-1.3862943611198906,La0.25Sr0.25Na0.25Ba0.25,Fe1,40.5,5.405,1.0175,1.45,0.237,2.25,5.5,96.7125,2.0,38.175,0.9854544383284402
La0.200Sr0.200K0.200Pr0.200Eu0.200Fe1O3,-1.815499559,La0.2Sr0.2K0.2Pr0.2Eu0.2FeO3.0,La0.2 Sr0.2 K0.2 Pr0.2 Eu0.2 Fe1 O3,-1.6094379124341005,La0.2Sr0.2K0.2Pr0.2Eu0.2,Fe1,47.2,5.3500000000000005,1.134,1.3920000000000001,0.27480000000000004,2.4000000000000004,5.800000000000001,111.69999999999999,2.4000000000000004,38.6,0.9653995760747386
La0.200Sr0.200Ba0.200Nd0.200Gd0.200Fe1O3,-1.975327341,La0.2Sr0.2Ba0.2Nd0.2Gd0.2FeO3.0,La0.2 Sr0.2 Ba0.2 Nd0.2 Gd0.2 Fe1 O3,-1.6094379124341005,La0.2Sr0.2Ba0.2Nd0.2Gd0.2,Fe1,55.0,5.632000000000001,1.134,1.372,0.3214,2.8000000000000003,6.000000000000001,133.07,2.6,35.46,0.958484106332083
La0.200Sr0.200Ca0.200Eu0.200Y0.200Fe1O3,-1.687589507,La0.2Sr0.2Ca0.2Eu0.2Y0.2FeO3.0,La0.2 Sr0.2 Ca0.2 Eu0.2 Y0.2 Fe1 O3,-1.6094379124341005,La0.2Sr0.2Ca0.2Eu0.2Y0.2,Fe1,43.400000000000006,5.854000000000001,1.134,1.324,0.2886,2.6,5.800000000000001,101.496,2.6,32.5,0.9418869789497093
La0.200Sr0.200Ca0.200Sm0.200Eu0.200Fe1O3,-1.871990412,La0.2Sr0.2Ca0.2Sm0.2Eu0.2FeO3.0,La0.2 Sr0.2 Ca0.2 Sm0.2 Eu0.2 Fe1 O3,-1.6094379124341005,La0.2Sr0.2Ca0.2Sm0.2Eu0.2,Fe1,48.0,5.738000000000001,1.124,1.316,0.29760000000000003,2.6,5.800000000000001,113.786,2.6,32.400000000000006,0.939120791052647
La0.167Sr0.167Ca0.167Eu0.167Gd0.167Bi0.167Fe1O3,-2.011690973,La0.167Sr0.167Ca0.167Eu0.167Gd0.167Bi0.167FeO3.0,La0.167 Sr0.167 Ca0.167 Eu0.167 Gd0.167 Bi0.167 Fe1 O3,-1.6094379124341005,La0.167Sr0.167Ca0.167Eu0.167Gd0.167Bi0.167,Fe1,54.16666666666667,6.081666666666667,1.31,1.2583333333333335,0.3271666666666667,2.6666666666666665,5.833333333333333,130.8,3.0,28.55,0.9191811866279895
La0.167Sr0.167Li0.167K0.167Mg0.167Ba0.167Fe1O3,-1.021911023,La0.167Sr0.167Li0.167K0.167Mg0.167Ba0.167FeO3.0,La0.167 Sr0.167 Li0.167 K0.167 Mg0.167 Ba0.167 Fe1 O3,-2.019992658983094,La0.167Sr0.167Li0.167K0.167Mg0.167Ba0.167,Fe1,30.333333333333336,4.745,0.8783333333333335,1.1800000000000002,0.20049999999999998,1.8333333333333335,4.5,71.21166666666667,1.6666666666666667,30.16666666666667,0.892095596802588
La0.200Sr0.200K0.200Eu0.200Y0.200Fe1O3,-1.811542732,La0.2Sr0.2K0.2Eu0.2Y0.2FeO3.0,La0.2 Sr0.2 K0.2 Eu0.2 Y0.2 Fe1 O3,-1.6094379124341005,La0.2Sr0.2K0.2Eu0.2Y0.2,Fe1,43.2,5.5,1.0979999999999999,1.3840000000000001,0.264,2.4000000000000004,5.800000000000001,101.3,2.4000000000000004,38.220000000000006,0.9626333881776763
La0.200Sr0.200Ba0.200Nd0.200Eu0.200Fe1O3,-1.817935078,La0.2Sr0.2Ba0.2Nd0.2Eu0.2FeO3.0,La0.2 Sr0.2 Ba0.2 Nd0.2 Eu0.2 Fe1 O3,-1.6094379124341005,La0.2Sr0.2Ba0.2Nd0.2Eu0.2,Fe1,54.800000000000004,5.5360000000000005,1.096,1.3760000000000001,0.31720000000000004,2.8000000000000003,6.000000000000001,132.012,2.6,35.6,0.959867200280614
La0.167Sr0.167Li0.167Ca0.167Pr0.167Y0.167Fe1O3,-1.4806759,La0.167Sr0.167Li0.167Ca0.167Pr0.167Y0.167FeO3.0,La0.167 Sr0.167 Li0.167 Ca0.167 Pr0.167 Y0.167 Fe1 O3,-1.791759469228055,La0.167Sr0.167Li0.167Ca0.167Pr0.167Y0.167,Fe1,35.5,4.845000000000001,0.9783333333333334,1.1233333333333333,0.24133333333333332,2.1666666666666665,4.833333333333333,82.73833333333334,2.1666666666666665,27.616666666666667,0.8725017658650635
La0.167Sr0.167Li0.167Ca0.167Nd0.167Gd0.167Fe1O3,-1.163617624,La0.167Sr0.167Li0.167Ca0.167Nd0.167Gd0.167FeO3.0,La0.167 Sr0.167 Li0.167 Ca0.167 Nd0.167 Gd0.167 Fe1 O3,-1.791759469228055,La0.167Sr0.167Li0.167Ca0.167Nd0.167Gd0.167,Fe1,39.833333333333336,4.843333333333334,0.9633333333333334,1.0983333333333334,0.25150000000000006,2.1666666666666665,4.833333333333333,94.68333333333334,2.1666666666666665,26.966666666666665,0.8638574286867438
La0.167Sr0.167Li0.167Na0.167Eu0.167Gd0.167Fe1O3,-1.148198322,La0.167Sr0.167Li0.167Na0.167Eu0.167Gd0.167FeO3.0,La0.167 Sr0.167 Li0.167 Na0.167 Eu0.167 Gd0.167 Fe1 O3,-1.791759469228055,La0.167Sr0.167Li0.167Na0.167Eu0.167Gd0.167,Fe1,38.833333333333336,4.705,0.9616666666666668,1.095,0.2331666666666667,2.0,4.666666666666667,93.12166666666667,2.0,29.933333333333334,0.8627048503963012
La0.200Sr0.200K0.200Ba0.200Gd0.200Fe1O3,-1.800071386,La0.2Sr0.2K0.2Ba0.2Gd0.2FeO3.0,La0.2 Sr0.2 K0.2 Ba0.2 Gd0.2 Fe1 O3,-1.6094379124341005,La0.2Sr0.2K0.2Ba0.2Gd0.2,Fe1,46.8,5.394000000000001,1.07,1.4460000000000002,0.267,2.4000000000000004,5.800000000000001,112.042,2.2,39.040000000000006,0.9840713443799091
La0.200Sr0.200Na0.200Ca0.200Sm0.200Fe1O3,-1.76840968,La0.2Sr0.2Na0.2Ca0.2Sm0.2FeO3.0,La0.2 Sr0.2 Na0.2 Ca0.2 Sm0.2 Fe1 O3,-1.6094379124341005,La0.2Sr0.2Na0.2Ca0.2Sm0.2,Fe1,37.6,5.632000000000001,1.07,1.354,0.24420000000000003,2.2,5.4,87.99199999999999,2.2,34.34,0.9522601835636928
La0.167Sr0.167Li0.167Ba0.167Pr0.167Y0.167Fe1O3,-1.365634835,La0.167Sr0.167Li0.167Ba0.167Pr0.167Y0.167FeO3.0,La0.167 Sr0.167 Li0.167 Ba0.167 Pr0.167 Y0.167 Fe1 O3,-1.791759469228055,La0.167Sr0.167Li0.167Ba0.167Pr0.167Y0.167,Fe1,41.5,4.695,0.9600000000000001,1.1683333333333334,0.2576666666666667,2.333333333333333,5.0,98.94666666666667,2.1666666666666665,30.199999999999996,0.8880615727860388
La0.167Sr0.167Li0.167Na0.167Nd0.167Gd0.167Fe1O3,-1.360777043,La0.167Sr0.167Li0.167Na0.167Nd0.167Gd0.167FeO3.0,La0.167 Sr0.167 Li0.167 Na0.167 Nd0.167 Gd0.167 Fe1 O3,-1.791759469228055,La0.167Sr0.167Li0.167Na0.167Nd0.167Gd0.167,Fe1,38.333333333333336,4.6816666666666675,0.9516666666666667,1.1066666666666667,0.23250000000000004,2.0,4.666666666666667,91.835,2.0,30.15,0.8667388744128504
La0.200Sr0.200K0.200Ca0.200Y0.200Fe1O3,-1.605526655,La0.2Sr0.2K0.2Ca0.2Y0.2FeO3.0,La0.2 Sr0.2 K0.2 Ca0.2 Y0.2 Fe1 O3,-1.6094379124341005,La0.2Sr0.2K0.2Ca0.2Y0.2,Fe1,34.6,5.588,1.058,1.4120000000000001,0.23340000000000002,2.2,5.6000000000000005,78.92399999999999,2.2,36.34,0.9723150458173945
La0.200Sr0.200Ca0.200Ba0.200Nd0.200Fe1O3,-1.72969046,La0.2Sr0.2Ca0.2Ba0.2Nd0.2FeO3.0,La0.2 Sr0.2 Ca0.2 Ba0.2 Nd0.2 Fe1 O3,-1.6094379124341005,La0.2Sr0.2Ca0.2Ba0.2Nd0.2,Fe1,46.2,5.6240000000000006,1.056,1.4040000000000001,0.2866,2.6,5.800000000000001,109.636,2.4,33.72,0.9695488579203322
La0.167Sr0.167Li0.167K0.167Pr0.167Y0.167Fe1O3,-1.345908104,La0.167Sr0.167Li0.167K0.167Pr0.167Y0.167FeO3.0,La0.167 Sr0.167 Li0.167 K0.167 Pr0.167 Y0.167 Fe1 O3,-1.791759469228055,La0.167Sr0.167Li0.167K0.167Pr0.167Y0.167,Fe1,35.33333333333333,4.55,0.9483333333333335,1.1733333333333333,0.22083333333333333,2.0,4.833333333333333,82.575,2.0,32.38333333333334,0.8897904402217027
La0.167Sr0.167Li0.167Ca0.167Eu0.167Y0.167Fe1O3,-1.19675453,La0.167Sr0.167Li0.167Ca0.167Eu0.167Y0.167FeO3.0,La0.167 Sr0.167 Li0.167 Ca0.167 Eu0.167 Y0.167 Fe1 O3,-1.791759469228055,La0.167Sr0.167Li0.167Ca0.167Eu0.167Y0.167,Fe1,36.16666666666667,4.878333333333333,0.9450000000000002,1.1033333333333335,0.2405,2.1666666666666665,4.833333333333333,84.58000000000001,2.1666666666666665,27.083333333333336,0.8655862961224078
La0.167Sr0.167Li0.167Ca0.167Sm0.167Y0.167Fe1O3,-1.548839273,La0.167Sr0.167Li0.167Ca0.167Sm0.167Y0.167FeO3.0,La0.167 Sr0.167 Li0.167 Ca0.167 Sm0.167 Y0.167 Fe1 O3,-1.791759469228055,La0.167Sr0.167Li0.167Ca0.167Sm0.167Y0.167,Fe1,36.0,4.873333333333334,0.9400000000000001,1.11,0.23983333333333334,2.1666666666666665,4.833333333333333,84.31333333333335,2.1666666666666665,27.216666666666672,0.8678914527032929
La0.200Sr0.200Na0.200K0.200Y0.200Fe1O3,-1.738239347,La0.2Sr0.2Na0.2K0.2Y0.2FeO3.0,La0.2 Sr0.2 Na0.2 K0.2 Y0.2 Fe1 O3,-1.6094379124341005,La0.2Sr0.2Na0.2K0.2Y0.2,Fe1,32.8,5.394,1.044,1.4220000000000002,0.21060000000000004,2.0,5.4,75.506,2.0,40.160000000000004,0.9757727806887222
La0.167Sr0.167Li0.167Ca0.167Nd0.167Y0.167Fe1O3,-1.10749723,La0.167Sr0.167Li0.167Ca0.167Nd0.167Y0.167FeO3.0,La0.167 Sr0.167 Li0.167 Ca0.167 Nd0.167 Y0.167 Fe1 O3,-1.791759469228055,La0.167Sr0.167Li0.167Ca0.167Nd0.167Y0.167,Fe1,35.666666666666664,4.855,0.935,1.1150000000000002,0.23983333333333334,2.1666666666666665,4.833333333333333,83.29333333333335,2.1666666666666665,27.299999999999997,0.869620320138957
La0.200Sr0.200Li0.200Mg0.200Ca0.200Fe1O3,-1.586290294,La0.2Sr0.2Li0.2Mg0.2Ca0.2FeO3.0,La0.2 Sr0.2 Li0.2 Mg0.2 Ca0.2 Fe1 O3,-1.8368555699861953,La0.2Sr0.2Li0.2Mg0.2Ca0.2,Fe1,25.4,5.006000000000001,0.9119999999999999,1.034,0.20120000000000002,1.7999999999999998,4.2,58.184,1.7999999999999998,22.520000000000003,0.8416126676812012
La0.167Sr0.167Li0.167Na0.167Sm0.167Y0.167Fe1O3,-1.123200545,La0.167Sr0.167Li0.167Na0.167Sm0.167Y0.167FeO3.0,La0.167 Sr0.167 Li0.167 Na0.167 Sm0.167 Y0.167 Fe1 O3,-1.791759469228055,La0.167Sr0.167Li0.167Na0.167Sm0.167Y0.167,Fe1,34.5,4.711666666666667,0.9283333333333335,1.1183333333333334,0.22083333333333333,2.0,4.666666666666667,81.465,2.0,30.400000000000006,0.8707728984293996
La0.200Sr0.200Ca0.200Nd0.200Bi0.200Fe1O3,-2.088139368,La0.2Sr0.2Ca0.2Nd0.2Bi0.2FeO3.0,La0.2 Sr0.2 Ca0.2 Nd0.2 Bi0.2 Fe1 O3,-1.3862943611198906,La0.2Sr0.2Ca0.2Nd0.2Bi0.2,Fe1,51.6,6.040000000000001,1.282,1.288,0.31260000000000004,2.6,5.800000000000001,123.96600000000001,3.0,27.92,0.9294391334129288
La0.167Sr0.167Li0.167Ca0.167Ba0.167Pr0.167Fe1O3,-1.412343611,La0.167Sr0.167Li0.167Ca0.167Ba0.167Pr0.167FeO3.0,La0.167 Sr0.167 Li0.167 Ca0.167 Ba0.167 Pr0.167 Fe1 O3,-1.791759469228055,La0.167Sr0.167Li0.167Ca0.167Ba0.167Pr0.167,Fe1,38.333333333333336,4.676666666666668,0.9233333333333335,1.1783333333333337,0.24033333333333337,2.1666666666666665,4.833333333333333,90.80833333333334,2.0,28.416666666666668,0.8915193076573668
La0.200Sr0.200Li0.200Na0.200Mg0.200Fe1O3,-1.346979279,La0.2Sr0.2Li0.2Na0.2Mg0.2FeO3.0,La0.2 Sr0.2 Li0.2 Na0.2 Mg0.2 Fe1 O3,-1.8368555699861953,La0.2Sr0.2Li0.2Na0.2Mg0.2,Fe1,23.6,4.812000000000001,0.898,1.044,0.17840000000000003,1.6,4.0,54.766,1.6,26.340000000000003,0.8450704025525291
La0.167Sr0.167Li0.167Na0.167Ba0.167Gd0.167Fe1O3,-1.355175932,La0.167Sr0.167Li0.167Na0.167Ba0.167Gd0.167FeO3.0,La0.167 Sr0.167 Li0.167 Na0.167 Ba0.167 Gd0.167 Fe1 O3,-1.791759469228055,La0.167Sr0.167Li0.167Na0.167Ba0.167Gd0.167,Fe1,37.66666666666667,4.628333333333334,0.91,1.1633333333333333,0.22400000000000003,2.0,4.666666666666667,90.68333333333334,1.8333333333333335,30.95,0.8863327053503749
La0.167Sr0.167Li0.167K0.167Ca0.167Gd0.167Fe1O3,-1.277682047,La0.167Sr0.167Li0.167K0.167Ca0.167Gd0.167FeO3.0,La0.167 Sr0.167 Li0.167 K0.167 Ca0.167 Gd0.167 Fe1 O3,-1.791759469228055,La0.167Sr0.167Li0.167K0.167Ca0.167Gd0.167,Fe1,33.0,4.6450000000000005,0.91,1.16,0.2061666666666667,1.8333333333333335,4.666666666666667,77.16000000000001,1.8333333333333335,29.950000000000003,0.8851801270599321
La0.167Sr0.167Li0.167K0.167Nd0.167Y0.167Fe1O3,-1.324123937,La0.167Sr0.167Li0.167K0.167Nd0.167Y0.167FeO3.0,La0.167 Sr0.167 Li0.167 K0.167 Nd0.167 Y0.167 Fe1 O3,-1.791759469228055,La0.167Sr0.167Li0.167K0.167Nd0.167Y0.167,Fe1,35.5,4.56,0.9050000000000001,1.165,0.21933333333333335,2.0,4.833333333333333,83.13000000000001,2.0,32.06666666666667,0.8869089944955962
La0.167Sr0.167Li0.167K0.167Nd0.167Eu0.167Fe1O3,-1.46793773,La0.167Sr0.167Li0.167K0.167Nd0.167Eu0.167FeO3.0,La0.167 Sr0.167 Li0.167 K0.167 Nd0.167 Eu0.167 Fe1 O3,-1.791759469228055,La0.167Sr0.167Li0.167K0.167Nd0.167Eu0.167,Fe1,39.5,4.468333333333333,0.9016666666666667,1.1516666666666666,0.2275,2.0,4.833333333333333,93.63833333333335,2.0,31.85,0.8822986813338257
La0.167Sr0.167Li0.167Na0.167Ca0.167Y0.167Fe1O3,-1.162707342,La0.167Sr0.167Li0.167Na0.167Ca0.167Y0.167FeO3.0,La0.167 Sr0.167 Li0.167 Na0.167 Ca0.167 Y0.167 Fe1 O3,-1.791759469228055,La0.167Sr0.167Li0.167Na0.167Ca0.167Y0.167,Fe1,27.500000000000004,4.790000000000001,0.9000000000000001,1.135,0.196,1.8333333333333335,4.5,63.084999999999994,1.8333333333333335,28.700000000000003,0.8765357898816126
La0.200Sr0.200K0.200Ca0.200Ba0.200Fe1O3,-1.45436156,La0.2Sr0.2K0.2Ca0.2Ba0.2FeO3.0,La0.2 Sr0.2 K0.2 Ca0.2 Ba0.2 Fe1 O3,-1.6094379124341005,La0.2Sr0.2K0.2Ca0.2Ba0.2,Fe1,38.0,5.386,0.9920000000000001,1.4780000000000002,0.23220000000000002,2.2,5.6000000000000005,88.608,2.0,37.300000000000004,0.9951360959681583
La0.167Sr0.167Li0.167Ca0.167Ba0.167Eu0.167Fe1O3,-1.049646673,La0.167Sr0.167Li0.167Ca0.167Ba0.167Eu0.167FeO3.0,La0.167 Sr0.167 Li0.167 Ca0.167 Ba0.167 Eu0.167 Fe1 O3,-1.791759469228055,La0.167Sr0.167Li0.167Ca0.167Ba0.167Eu0.167,Fe1,39.0,4.71,0.8900000000000001,1.1583333333333334,0.2395,2.1666666666666665,4.833333333333333,92.65000000000002,2.0,27.883333333333333,0.8846038379147111
La0.167Sr0.167Li0.167K0.167Ca0.167Y0.167Fe1O3,-1.041303005,La0.167Sr0.167Li0.167K0.167Ca0.167Y0.167FeO3.0,La0.167 Sr0.167 Li0.167 K0.167 Ca0.167 Y0.167 Fe1 O3,-1.791759469228055,La0.167Sr0.167Li0.167K0.167Ca0.167Y0.167,Fe1,28.833333333333336,4.656666666666667,0.8816666666666668,1.1766666666666665,0.19450000000000003,1.8333333333333335,4.666666666666667,65.77,1.8333333333333335,30.28333333333334,0.8909430185121452
La0.200Sr0.200Na0.200K0.200Ba0.200Fe1O3,-1.519450698,La0.2Sr0.2Na0.2K0.2Ba0.2FeO3.0,La0.2 Sr0.2 Na0.2 K0.2 Ba0.2 Fe1 O3,-1.6094379124341005,La0.2Sr0.2Na0.2K0.2Ba0.2,Fe1,36.2,5.192,0.9780000000000001,1.4880000000000002,0.20940000000000003,2.0,5.4,85.19,1.7999999999999998,41.120000000000005,0.998593830839486
La0.500Sm0.500Fe1O3,-3.171855313,La0.5Sm0.5FeO3.0,La0.5 Sm0.5 Fe1 O3,-0.6931471805599453,La0.5Sm0.5,Fe1,59.5,5.609999999999999,1.2349999999999999,1.3,0.34850000000000003,3.0,6.0,144.635,3.0,36.75,0.9335884152585224
La0.200Sr0.200Li0.200Pr0.200Y0.200Fe1O3,-1.560614224,La0.2Sr0.2Li0.2Pr0.2Y0.2FeO3.0,La0.2 Sr0.2 Li0.2 Pr0.2 Y0.2 Fe1 O3,-1.6094379124341005,La0.2Sr0.2Li0.2Pr0.2Y0.2,Fe1,38.6,4.5920000000000005,0.974,1.08,0.24520000000000003,2.2,4.800000000000001,91.27,2.2,28.28,0.8575182480893094
La0.333Sr0.333Sm0.333Fe1O3,-2.554786026,La0.333Sr0.333Sm0.333FeO3.0,La0.333 Sr0.333 Sm0.333 Fe1 O3,-1.0986122886681096,La0.333Sr0.333Sm0.333,Fe1,52.333333333333336,5.636666666666667,1.1400000000000001,1.3466666666666667,0.29700000000000004,2.6666666666666665,6.0,125.63000000000001,2.6666666666666665,34.66666666666667,0.949724511324719
La0.200Sr0.200Li0.200Sm0.200Gd0.200Fe1O3,-1.497557224,La0.2Sr0.2Li0.2Sm0.2Gd0.2FeO3.0,La0.2 Sr0.2 Li0.2 Sm0.2 Gd0.2 Fe1 O3,-1.6094379124341005,La0.2Sr0.2Li0.2Sm0.2Gd0.2,Fe1,44.2,4.612000000000001,0.962,1.044,0.2574,2.2,4.800000000000001,106.828,2.2,27.400000000000006,0.8450704025525291
La0.500Nd0.500Fe1O3,-3.294138012,La0.5Nd0.5FeO3.0,La0.5 Nd0.5 Fe1 O3,-0.6931471805599453,La0.5Nd0.5,Fe1,58.5,5.555,1.22,1.315,0.34850000000000003,3.0,6.0,141.575,3.0,37.0,0.9387750175655141
La0.167Sr0.167Li0.167K0.167Ba0.167Sm0.167Fe1O3,-1.058679078,La0.167Sr0.167Li0.167K0.167Ba0.167Sm0.167FeO3.0,La0.167 Sr0.167 Li0.167 K0.167 Ba0.167 Sm0.167 Fe1 O3,-1.791759469228055,La0.167Sr0.167Li0.167K0.167Ba0.167Sm0.167,Fe1,38.666666666666664,4.41,0.8550000000000001,1.215,0.21833333333333335,2.0,4.833333333333333,92.22,1.8333333333333335,32.78333333333333,0.9041976688522356
La0.167Sr0.167Li0.167K0.167Ba0.167Nd0.167Fe1O3,-1.467441485,La0.167Sr0.167Li0.167K0.167Ba0.167Nd0.167FeO3.0,La0.167 Sr0.167 Li0.167 K0.167 Ba0.167 Nd0.167 Fe1 O3,-1.791759469228055,La0.167Sr0.167Li0.167K0.167Ba0.167Nd0.167,Fe1,38.333333333333336,4.391666666666667,0.8500000000000001,1.2200000000000002,0.21833333333333335,2.0,4.833333333333333,91.2,1.8333333333333335,32.86666666666667,0.9059265362878994
La0.167Sr0.167K0.167Pr0.167Eu0.167Bi0.167Fe1O3,-1.742850107,La0.167Sr0.167K0.167Pr0.167Eu0.167Bi0.167FeO3.0,La0.167 Sr0.167 K0.167 Pr0.167 Eu0.167 Bi0.167 Fe1 O3,-1.6094379124341005,La0.167Sr0.167K0.167Pr0.167Eu0.167Bi0.167,Fe1,53.166666666666664,5.673333333333334,1.281666666666667,1.3316666666666668,0.304,2.5,5.833333333333333,127.91333333333331,2.8333333333333335,33.966666666666676,0.9445379090177272
La0.200Sr0.200Li0.200Ca0.200Pr0.200Fe1O3,-1.305526392,La0.2Sr0.2Li0.2Ca0.2Pr0.2FeO3.0,La0.2 Sr0.2 Li0.2 Ca0.2 Pr0.2 Fe1 O3,-1.6094379124341005,La0.2Sr0.2Li0.2Ca0.2Pr0.2,Fe1,34.8,4.570000000000001,0.9299999999999999,1.092,0.22440000000000002,2.0,4.6000000000000005,81.50399999999999,2.0,26.14,0.8616675299349028
La0.250Sr0.250Na0.250Eu0.250Fe1O3,-1.795672581,La0.25Sr0.25Na0.25Eu0.25FeO3.0,La0.25 Sr0.25 Na0.25 Eu0.25 Fe1 O3,-1.3862943611198906,La0.25Sr0.25Na0.25Eu0.25,Fe1,42.25,5.52,1.095,1.3475,0.25075000000000003,2.25,5.5,100.37,2.25,36.650000000000006,0.9500126558973295
La0.200Sr0.200Li0.200Sm0.200Eu0.200Fe1O3,-1.480968892,La0.2Sr0.2Li0.2Sm0.2Eu0.2FeO3.0,La0.2 Sr0.2 Li0.2 Sm0.2 Eu0.2 Fe1 O3,-1.6094379124341005,La0.2Sr0.2Li0.2Sm0.2Eu0.2,Fe1,44.0,4.516000000000001,0.9239999999999999,1.048,0.25320000000000004,2.2,4.800000000000001,105.77000000000001,2.2,27.540000000000006,0.8464534965010603
La0.167Sr0.167Li0.167K0.167Ca0.167Ba0.167Fe1O3,-1.0,La0.167Sr0.167Li0.167K0.167Ca0.167Ba0.167FeO3.0,La0.167 Sr0.167 Li0.167 K0.167 Ca0.167 Ba0.167 Fe1 O3,-1.791759469228055,La0.167Sr0.167Li0.167K0.167Ca0.167Ba0.167,Fe1,31.666666666666668,4.488333333333334,0.8266666666666669,1.2316666666666667,0.19350000000000003,1.8333333333333335,4.666666666666667,73.84000000000002,1.6666666666666667,31.083333333333336,0.9099605603044487
La0.200Sr0.200Li0.200Ba0.200Pr0.200Fe1O3,-1.478511621,La0.2Sr0.2Li0.2Ba0.2Pr0.2FeO3.0,La0.2 Sr0.2 Li0.2 Ba0.2 Pr0.2 Fe1 O3,-1.6094379124341005,La0.2Sr0.2Li0.2Ba0.2Pr0.2,Fe1,42.0,4.390000000000001,0.9079999999999999,1.1460000000000001,0.24400000000000002,2.2,4.800000000000001,100.95400000000001,2.0,29.240000000000002,0.8803392982400734
La0.250Sr0.250Ca0.250Ba0.250Fe1O3,-1.917547929,La0.25Sr0.25Ca0.25Ba0.25FeO3.0,La0.25 Sr0.25 Ca0.25 Ba0.25 Fe1 O3,-1.3862943611198906,La0.25Sr0.25Ca0.25Ba0.25,Fe1,42.75,5.6475,1.035,1.4375,0.2655,2.5,5.75,100.98500000000001,2.25,33.4,0.9811322697392804
La0.167Sr0.167Na0.167Ca0.167Pr0.167Bi0.167Fe1O3,-1.580057719,La0.167Sr0.167Na0.167Ca0.167Pr0.167Bi0.167FeO3.0,La0.167 Sr0.167 Na0.167 Ca0.167 Pr0.167 Bi0.167 Fe1 O3,-1.6094379124341005,La0.167Sr0.167Na0.167Ca0.167Pr0.167Bi0.167,Fe1,44.666666666666664,5.880000000000001,1.2666666666666668,1.3133333333333332,0.27999999999999997,2.3333333333333335,5.5,106.58166666666668,2.666666666666667,30.816666666666666,0.9381987284202926
La0.200Sr0.200Li0.200Ca0.200Nd0.200Fe1O3,-1.192735457,La0.2Sr0.2Li0.2Ca0.2Nd0.2FeO3.0,La0.2 Sr0.2 Li0.2 Ca0.2 Nd0.2 Fe1 O3,-1.6094379124341005,La0.2Sr0.2Li0.2Ca0.2Nd0.2,Fe1,35.0,4.582000000000001,0.878,1.082,0.22260000000000002,2.0,4.6000000000000005,82.17,2.0,25.76,0.8582097950635751
La0.167Sr0.167Na0.167Ca0.167Gd0.167Bi0.167Fe1O3,-1.36159952,La0.167Sr0.167Na0.167Ca0.167Gd0.167Bi0.167FeO3.0,La0.167 Sr0.167 Na0.167 Ca0.167 Gd0.167 Bi0.167 Fe1 O3,-1.6094379124341005,La0.167Sr0.167Na0.167Ca0.167Gd0.167Bi0.167,Fe1,45.50000000000001,5.993333333333334,1.2650000000000001,1.29,0.2826666666666667,2.3333333333333335,5.5,109.305,2.666666666666667,30.166666666666668,0.9301306803871945
La0.200Sr0.200Li0.200Ba0.200Eu0.200Fe1O3,-1.226922208,La0.2Sr0.2Li0.2Ba0.2Eu0.2FeO3.0,La0.2 Sr0.2 Li0.2 Ba0.2 Eu0.2 Fe1 O3,-1.6094379124341005,La0.2Sr0.2Li0.2Ba0.2Eu0.2,Fe1,42.800000000000004,4.430000000000001,0.868,1.122,0.24300000000000002,2.2,4.800000000000001,103.16400000000002,2.0,28.600000000000005,0.8720407345488865
La0.333Sr0.333Nd0.333Fe1O3,-2.42256937,La0.333Sr0.333Nd0.333FeO3.0,La0.333 Sr0.333 Nd0.333 Fe1 O3,-1.0986122886681096,La0.333Sr0.333Nd0.333,Fe1,51.666666666666664,5.6,1.13,1.3566666666666667,0.29700000000000004,2.6666666666666665,6.0,123.59000000000002,2.6666666666666665,34.833333333333336,0.953182246196047
La0.333Sr0.333Na0.333Fe1O3,-2.2371942,La0.333Sr0.333Na0.333FeO3.0,La0.333 Sr0.333 Na0.333 Fe1 O3,-1.0986122886681096,La0.333Sr0.333Na0.333,Fe1,35.33333333333333,5.469999999999999,1.06,1.3966666666666665,0.20933333333333334,1.9999999999999998,5.333333333333333,83.17333333333333,1.9999999999999998,37.63333333333333,0.9670131856813582
La0.200Sr0.200Sm0.200Y0.200Bi0.200Fe1O3,-1.658366047,La0.2Sr0.2Sm0.2Y0.2Bi0.2FeO3.0,La0.2 Sr0.2 Sm0.2 Y0.2 Bi0.2 Fe1 O3,-1.3862943611198906,La0.2Sr0.2Sm0.2Y0.2Bi0.2,Fe1,55.800000000000004,6.0840000000000005,1.3319999999999999,1.27,0.33340000000000003,2.8000000000000003,6.000000000000001,134.956,3.2,29.960000000000004,0.9232152106445387
La0.333Sr0.333Ba0.333Fe1O3,-2.17356268,La0.333Sr0.333Ba0.333FeO3.0,La0.333 Sr0.333 Ba0.333 Fe1 O3,-1.0986122886681096,La0.333Sr0.333Ba0.333,Fe1,50.33333333333333,5.493333333333333,1.0466666666666666,1.4700000000000002,0.27999999999999997,2.6666666666666665,6.0,121.28666666666668,2.333333333333333,36.43333333333333,0.992369908071096
La0.333Sr0.333K0.333Fe1O3,-2.165999088,La0.333Sr0.333K0.333FeO3.0,La0.333 Sr0.333 K0.333 Fe1 O3,-1.0986122886681096,La0.333Sr0.333K0.333,Fe1,38.0,5.203333333333333,1.0233333333333332,1.48,0.20633333333333334,1.9999999999999998,5.666666666666666,88.54333333333334,1.9999999999999998,40.800000000000004,0.9958276429424238
La0.333Sr0.333Li0.333Fe1O3,-1.61815816,La0.333Sr0.333Li0.333FeO3.0,La0.333 Sr0.333 Li0.333 Fe1 O3,-1.0986122886681096,La0.333Sr0.333Li0.333,Fe1,31.666666666666664,3.756666666666667,0.75,0.9333333333333333,0.17333333333333334,1.6666666666666665,4.0,75.51,1.6666666666666665,23.166666666666668,0.806804803309834
La0.250Sr0.250Mg0.250Eu0.250Fe1O3,-1.640729341,La0.25Sr0.25Mg0.25Eu0.25FeO3.0,La0.25 Sr0.25 Mg0.25 Eu0.25 Fe1 O3,-1.5990147122062974,La0.25Sr0.25Mg0.25Eu0.25,Fe1,42.5,6.147500000000001,1.19,1.2575,0.28975,2.5,5.5,100.7,2.5,30.5,0.9188930420553788
La0.333Sr0.333Ca0.333Fe1O3,-2.162387522,La0.333Sr0.333Ca0.333FeO3.0,La0.333 Sr0.333 Ca0.333 Fe1 O3,-1.0986122886681096,La0.333Sr0.333Ca0.333,Fe1,38.33333333333333,5.793333333333334,1.0833333333333335,1.3800000000000001,0.24733333333333332,2.333333333333333,5.666666666666666,88.87,2.333333333333333,31.26666666666667,0.9612502942291453
La0.333Sr0.333Mg0.333Fe1O3,-1.900632014,La0.333Sr0.333Mg0.333FeO3.0,La0.333 Sr0.333 Mg0.333 Fe1 O3,-1.2552761900517635,La0.333Sr0.333Mg0.333,Fe1,35.666666666666664,6.3066666666666675,1.1866666666666665,1.2766666666666668,0.2613333333333333,2.333333333333333,5.333333333333333,83.61333333333333,2.333333333333333,29.433333333333334,0.925520367225424
La0.500Bi0.500Fe1O3,-3.5,La0.5Bi0.5FeO3.0,La0.5 Bi0.5 Fe1 O3,-0.0,La0.5Bi0.5,Fe1,70.0,6.4350000000000005,1.6600000000000001,1.195,0.388,3.0,6.0,173.945,4.0,24.9,0.8972821991095797
La0.200Sr0.200Ba0.200Sm0.200Sm0.200Fe1O3,-1.905954725,La0.2Sr0.2Ba0.2Sm0.4FeO3.0,La0.2 Sr0.2 Ba0.2 Sm0.4 Fe1 O3,-1.3321790402101223,La0.2Sr0.2Ba0.2Sm0.4,Fe1,55.0,5.552,1.096,1.3780000000000001,0.3164,2.8000000000000003,6.000000000000001,132.916,2.6,35.660000000000004,0.9605587472548797
La0.250Sr0.250Ca0.250Bi0.250Fe1O3,-2.183491884,La0.25Sr0.25Ca0.25Bi0.25FeO3.0,La0.25 Sr0.25 Ca0.25 Bi0.25 Fe1 O3,-1.0986122886681096,La0.25Sr0.25Ca0.25Bi0.25,Fe1,49.5,6.1674999999999995,1.3175,1.2925,0.298,2.5,5.75,118.89750000000001,3.0,26.15,0.9309951141050264
La0.250Sr0.250Mg0.250Sm0.250Fe1O3,-1.686699858,La0.25Sr0.25Mg0.25Sm0.25FeO3.0,La0.25 Sr0.25 Mg0.25 Sm0.25 Fe1 O3,-1.5990147122062974,La0.25Sr0.25Mg0.25Sm0.25,Fe1,42.25,6.140000000000001,1.1825,1.2675,0.28875,2.5,5.5,100.30000000000001,2.5,30.7,0.9223507769267068
Sr0.500Bi0.500Fe1O3,-2.946470012,Sr0.5Bi0.5FeO3.0,Sr0.5 Bi0.5 Fe1 O3,-0.0,Sr0.5Bi0.5,Fe1,60.5,6.49,1.4849999999999999,1.2349999999999999,0.322,2.5,6.0,148.3,3.5,20.65,0.9111131385948912
La0.500Pr0.500Fe1O3,-2.766580158,La0.5Pr0.5FeO3.0,La0.5 Pr0.5 Fe1 O3,-0.6931471805599453,La0.5Pr0.5,Fe1,58.0,5.525,1.35,1.34,0.353,3.0,6.0,139.91,3.0,37.95,0.9474193547438339
La0.500Gd0.500Fe1O3,-2.962050766,La0.5Gd0.5FeO3.0,La0.5 Gd0.5 Fe1 O3,-0.6931471805599453,La0.5Gd0.5,Fe1,60.5,5.865,1.345,1.27,0.361,3.0,6.0,148.07999999999998,3.0,36.0,0.9232152106445387
La0.500Y0.500Fe1O3,-2.807984954,La0.5Y0.5FeO3.0,La0.5 Y0.5 Fe1 O3,-0.6931471805599453,La0.5Y0.5,Fe1,48.0,5.9,1.26,1.32,0.326,3.0,6.0,113.91,3.0,37.0,0.940503885001178
La0.500Eu0.500Fe1O3,-2.789973101,La0.5Eu0.5FeO3.0,La0.5 Eu0.5 Fe1 O3,-0.6931471805599453,La0.5Eu0.5,Fe1,60.0,5.625,1.25,1.28,0.35050000000000003,3.0,6.0,145.435,3.0,36.35,0.9266729455158665
La0.500Ca0.500Fe1O3,-3.119621502,La0.5Ca0.5FeO3.0,La0.5 Ca0.5 Fe1 O3,-0.6931471805599453,La0.5Ca0.5,Fe1,38.5,5.845000000000001,1.15,1.35,0.274,2.5,5.5,89.495,2.5,31.65,0.9508770896151616
La0.500Na0.500Fe1O3,-2.603815851,La0.5Na0.5FeO3.0,La0.5 Na0.5 Fe1 O3,-0.6931471805599453,La0.5Na0.5,Fe1,34.0,5.359999999999999,1.115,1.375,0.217,2.0,5.0,80.95,2.0,41.2,0.9595214267934813
La0.500Mg0.500Fe1O3,-3.002037441,La0.5Mg0.5FeO3.0,La0.5 Mg0.5 Fe1 O3,-0.6365141682948128,La0.5Mg0.5,Fe1,34.5,6.615,1.3050000000000002,1.195,0.29500000000000004,2.5,5.0,81.61,2.5,28.9,0.8972821991095797
La0.250Sr0.250Ba0.250Bi0.250Fe1O3,-1.926585783,La0.25Sr0.25Ba0.25Bi0.25FeO3.0,La0.25 Sr0.25 Ba0.25 Bi0.25 Fe1 O3,-1.0986122886681096,La0.25Sr0.25Ba0.25Bi0.25,Fe1,58.5,5.9425,1.29,1.36,0.3225,2.75,6.0,143.21,3.0,30.025,0.9543348244864894
La0.500Ba0.500Fe1O3,-2.565986654,La0.5Ba0.5FeO3.0,La0.5 Ba0.5 Fe1 O3,-0.6931471805599453,La0.5Ba0.5,Fe1,56.5,5.395,1.095,1.485,0.323,3.0,6.0,138.12,2.5,39.4,0.9975565103780877
Sr0.500Y0.500Fe1O3,-2.414125925,Sr0.5Y0.5FeO3.0,Sr0.5 Y0.5 Fe1 O3,-0.6931471805599453,Sr0.5Y0.5,Fe1,38.5,5.955,1.085,1.3599999999999999,0.26,2.5,6.0,88.265,2.5,32.75,0.9543348244864894
Sr0.500Eu0.500Fe1O3,-2.541852613,Sr0.5Eu0.5FeO3.0,Sr0.5 Eu0.5 Fe1 O3,-0.6931471805599453,Sr0.5Eu0.5,Fe1,50.5,5.68,1.075,1.3199999999999998,0.2845,2.5,6.0,119.79,2.5,32.1,0.940503885001178
Sr0.500Sm0.500Fe1O3,-2.288317516,Sr0.5Sm0.5FeO3.0,Sr0.5 Sm0.5 Fe1 O3,-0.6931471805599453,Sr0.5Sm0.5,Fe1,50.0,5.665,1.06,1.3399999999999999,0.2825,2.5,6.0,118.99000000000001,2.5,32.5,0.9474193547438337
La0.500K0.500Fe1O3,-2.353340568,La0.5K0.5FeO3.0,La0.5 K0.5 Fe1 O3,-0.6931471805599453,La0.5K0.5,Fe1,38.0,4.96,1.06,1.5,0.21250000000000002,2.0,5.5,89.005,2.0,45.95,1.0027431126850794
Sr0.500Nd0.500Fe1O3,-2.293213885,Sr0.5Nd0.5FeO3.0,Sr0.5 Nd0.5 Fe1 O3,-0.6931471805599453,Sr0.5Nd0.5,Fe1,49.0,5.61,1.045,1.355,0.2825,2.5,6.0,115.93,2.5,32.75,0.9526059570508255
Sr0.500Ca0.500Fe1O3,-2.274897614,Sr0.5Ca0.5FeO3.0,Sr0.5 Ca0.5 Fe1 O3,-0.6931471805599453,Sr0.5Ca0.5,Fe1,29.0,5.9,0.975,1.3900000000000001,0.20800000000000002,2.0,5.5,63.85,2.0,27.4,0.964708029100473
Sr0.500Ba0.500Fe1O3,-2.50823579,Sr0.5Ba0.5FeO3.0,Sr0.5 Ba0.5 Fe1 O3,-0.6931471805599453,Sr0.5Ba0.5,Fe1,47.0,5.45,0.9199999999999999,1.525,0.257,2.5,6.0,112.47500000000001,2.0,35.15,1.011387449863399
Sr0.500Na0.500Fe1O3,-1.946188771,Sr0.5Na0.5FeO3.0,Sr0.5 Na0.5 Fe1 O3,-0.6931471805599453,Sr0.5Na0.5,Fe1,24.5,5.415,0.94,1.415,0.151,1.5,5.0,55.305,1.5,36.95,0.9733523662787927
Sr0.500K0.500Fe1O3,-2.224622174,Sr0.5K0.5FeO3.0,Sr0.5 K0.5 Fe1 O3,-0.6931471805599453,Sr0.5K0.5,Fe1,28.5,5.015000000000001,0.885,1.54,0.14650000000000002,1.5,5.5,63.36,1.5,41.7,1.016574052170391
Sr0.500Mg0.500Fe1O3,-2.299691293,Sr0.5Mg0.5FeO3.0,Sr0.5 Mg0.5 Fe1 O3,-0.6365141682948128,Sr0.5Mg0.5,Fe1,25.0,6.67,1.13,1.2349999999999999,0.229,2.0,5.0,55.965,2.0,24.65,0.9111131385948912
La0.500Li0.500Fe1O3,-1.711883423,La0.5Li0.5FeO3.0,La0.5 Li0.5 Fe1 O3,-0.6931471805599453,La0.5Li0.5,Fe1,28.5,2.79,0.65,0.68,0.163,1.5,3.0,69.455,1.5,19.5,0.719208853236195
Sr0.500Li0.500Fe1O3,-1.679989218,Sr0.5Li0.5FeO3.0,Sr0.5 Li0.5 Fe1 O3,-0.6931471805599453,Sr0.5Li0.5,Fe1,19.0,2.845,0.475,0.72,0.097,1.0,3.0,43.81,1.0,15.25,0.7330397927215064
La0.167Sr0.167K0.167Nd0.167Gd0.167Bi0.167Fe1O3,-1.077504044,La0.167Sr0.167K0.167Nd0.167Gd0.167Bi0.167FeO3.0,La0.167 Sr0.167 K0.167 Nd0.167 Gd0.167 Bi0.167 Fe1 O3,-1.6094379124341005,La0.167Sr0.167K0.167Nd0.167Gd0.167Bi0.167,Fe1,53.5,5.763333333333334,1.27,1.32,0.306,2.5,5.833333333333333,129.35,2.8333333333333335,33.53333333333333,0.940503885001178
La0.333Sr0.333Bi0.333Fe1O3,-2.048142901,La0.333Sr0.333Bi0.333FeO3.0,La0.333 Sr0.333 Bi0.333 Fe1 O3,-0.6931471805599453,La0.333Sr0.333Bi0.333,Fe1,59.33333333333333,6.186666666666667,1.4233333333333331,1.2766666666666668,0.3233333333333333,2.6666666666666665,6.0,145.17,3.333333333333333,26.766666666666666,0.925520367225424
La0.333Sr0.333Pr0.333Fe1O3,-1.683671655,La0.333Sr0.333Pr0.333FeO3.0,La0.333 Sr0.333 Pr0.333 Fe1 O3,-1.0986122886681096,La0.333Sr0.333Pr0.333,Fe1,51.33333333333333,5.579999999999999,1.2166666666666668,1.3733333333333333,0.30000000000000004,2.6666666666666665,6.0,122.48,2.6666666666666665,35.46666666666667,0.95894513764826
La0.333Sr0.333Gd0.333Fe1O3,-1.759686613,La0.333Sr0.333Gd0.333FeO3.0,La0.333 Sr0.333 Gd0.333 Fe1 O3,-1.0986122886681096,La0.333Sr0.333Gd0.333,Fe1,53.0,5.806666666666666,1.2133333333333334,1.3266666666666667,0.3053333333333334,2.6666666666666665,6.0,127.92666666666666,2.6666666666666665,34.16666666666667,0.9428090415820632
